資源名稱,資源類型,地點,服務內容,電話,網址
"財團法人台灣省私立桃園仁愛之家","1966 長照服務","桃園市楊梅區","私立老人福利機構，收容對象：安養 養護，核定床數 403 床","03-4643385",""
"財團法人台灣省私立桃園仁愛之家附設成功養護中心","1966 長照服務","桃園市桃園區","私立老人福利機構，收容對象：養護，核定床數 160 床","03-3394151",""
"桃園市私立長安老人長期照顧中心(養護型)","1966 長照服務","桃園市桃園區","私立老人福利機構，收容對象：養護，核定床數 20 床","03-3758059",""
"桃園市私立建元老人長期照顧中心(養護型)","1966 長照服務","桃園市桃園區","私立老人福利機構，收容對象：養護，核定床數 38 床","03-3631755",""
"桃園市私立逸園老人長期照顧中心(養護型)","1966 長照服務","桃園市桃園區","私立老人福利機構，收容對象：養護，核定床數 48 床","03-3319523",""
"桃園市私立慈家老人長期照顧中心(養護型)","1966 長照服務","桃園市桃園區","私立老人福利機構，收容對象：養護，核定床數 40 床","03-3331155",""
"桃園市私立慈庭老人長期照顧中心(長期照護型)","1966 長照服務","桃園市桃園區","私立老人福利機構，收容對象：長照，核定床數 27 床","03-3319379",""
"桃園市私立逸慈老人長期照顧中心(養護型)","1966 長照服務","桃園市桃園區","私立老人福利機構，收容對象：安養 養護，核定床數 49 床","03-3015051",""
"桃園市私立台大老人長期照顧中心(養護型)","1966 長照服務","桃園市桃園區","私立老人福利機構，收容對象：養護，核定床數 49 床","03-3555036",""
"桃園市私立康全老人長期照顧中心(養護型)","1966 長照服務","桃園市桃園區","私立老人福利機構，收容對象：養護，核定床數 38 床","03-3615577",""
"桃園市私立家悅老人長期照顧中心(養護型)","1966 長照服務","桃園市桃園區","私立老人福利機構，收容對象：養護，核定床數 49 床","03-3342139",""
"桃園市私立康益老人長期照顧中心(養護型)","1966 長照服務","桃園市桃園區","私立老人福利機構，收容對象：養護，核定床數 21 床","03-3347259",""
"桃園市私立陽光老人長期照顧中心（養護型）","1966 長照服務","桃園市桃園區","私立老人福利機構，收容對象：養護，核定床數 15 床","03-3618728",""
"桃園市私立同安老人長期照顧中心(養護型)","1966 長照服務","桃園市桃園區","私立老人福利機構，收容對象：養護，核定床數 40 床","03-3552546",""
"桃園市私立宜家老人長期照顧中心(養護型)","1966 長照服務","桃園市桃園區","私立老人福利機構，收容對象：養護，核定床數 49 床","03-3568881",""
"桃園市私立康健老人長期照顧中心(養護型)","1966 長照服務","桃園市桃園區","私立老人福利機構，收容對象：養護，核定床數 48 床","03-2552638",""
"桃園市私立吉安老人長期照顧中心(養護型)","1966 長照服務","桃園市桃園區","私立老人福利機構，收容對象：養護，核定床數 34 床","03-3345631",""
"桃園市私立恩澤老人長期照顧中心(養護型)","1966 長照服務","桃園市桃園區","私立老人福利機構，收容對象：養護，核定床數 41 床","03-3333636",""
"桃園市私立陽光空氣水老人長期照顧中心(養護型)","1966 長照服務","桃園市桃園區","私立老人福利機構，收容對象：養護，核定床數 48 床","03-3588966",""
"桃園市私立民享老人長期照顧中心(養護型)","1966 長照服務","桃園市桃園區","私立老人福利機構，收容對象：養護，核定床數 39 床","03-3350800",""
"桃園市私立禾安老人長期照顧中心(養護型)","1966 長照服務","桃園市桃園區","私立老人福利機構，收容對象：養護，核定床數 49 床","03-3329899",""
"桃園市私立莊敬園老人長期照顧中心(養護型)","1966 長照服務","桃園市桃園區","私立老人福利機構，收容對象：養護，核定床數 49 床","03-3250813",""
"桃園市私立慈恩老人長期照顧中心(養護型)","1966 長照服務","桃園市中壢區","私立老人福利機構，收容對象：養護，核定床數 28 床","03-4558858",""
"桃園市私立長祐老人長期照顧中心(養護型)","1966 長照服務","桃園市中壢區","私立老人福利機構，收容對象：養護，核定床數 46 床","03-4356337",""
"桃園市私立東陽老人長期照顧中心(養護型)","1966 長照服務","桃園市中壢區","私立老人福利機構，收容對象：養護，核定床數 48 床","03-2850571",""
"財團法人桃園市私立甡光社會福利基金會附設桃園市私立甡光老人長期照顧中心(養護型)","1966 長照服務","桃園市平鎮區","私立老人福利機構，收容對象：養護，核定床數 196 床","03-4643380",""
"財團法人桃園市私立國宏老人長期照顧中心（養護型）","1966 長照服務","桃園市平鎮區","私立老人福利機構，收容對象：養護，核定床數 93 床","03-4582977",""
"桃園市私立瑞生老人長期照顧中心(養護型)","1966 長照服務","桃園市平鎮區","私立老人福利機構，收容對象：養護 長照，核定床數 42 床","03-4502966",""
"桃園市私立平鎮老人長期照顧中心(養護型)","1966 長照服務","桃園市平鎮區","私立老人福利機構，收容對象：養護，核定床數 42 床","03-4398361",""
"桃園市私立八德老人長期照顧中心(養護型)","1966 長照服務","桃園市八德區","私立老人福利機構，收容對象：養護 長照，核定床數 40 床","03-2182128",""
"桃園市私立明新老人長期照顧中心(養護型)","1966 長照服務","桃園市楊梅區","私立老人福利機構，收容對象：養護，核定床數 13 床","03-4314349",""
"桃園市私立富佑老人長期照顧中心(養護型)","1966 長照服務","桃園市楊梅區","私立老人福利機構，收容對象：養護，核定床數 49 床","03-4721972",""
"桃園市私立雲鵬老人長期照顧中心(養護型)","1966 長照服務","桃園市楊梅區","私立老人福利機構，收容對象：養護，核定床數 49 床","03-4881300",""
"桃園市私立眾生老人長期照顧中心(養護型)","1966 長照服務","桃園市大溪區","私立老人福利機構，收容對象：養護，核定床數 49 床","03-3887167",""
"桃園市私立大溪老人長期照顧中心(養護型)","1966 長照服務","桃園市大溪區","私立老人福利機構，收容對象：養護，核定床數 43 床","03-3870119",""
"桃園市蘆竹區老人長期照顧中心(養護型)","1966 長照服務","桃園市蘆竹區","私立老人福利機構，收容對象：養護，核定床數 200 床","03-3245369",""
"桃園市私立台北老人長期照顧中心（養護型）","1966 長照服務","桃園市蘆竹區","私立老人福利機構，收容對象：養護，核定床數 46 床","03-3246538",""
"桃園市私立友愛老人長期照顧中心（養護型）","1966 長照服務","桃園市蘆竹區","私立老人福利機構，收容對象：養護，核定床數 47 床","03-3027510",""
"桃園市私立馨禾老人長期照顧中心（養護型）","1966 長照服務","桃園市蘆竹區","私立老人福利機構，收容對象：養護，核定床數 49 床","03-3782533",""
"桃園市私立大園老人長期照顧中心（養護型）","1966 長照服務","桃園市大園區","私立老人福利機構，收容對象：養護，核定床數 44 床","03-3864499",""
"桃園市私立長青老人長期照顧中心（養護型）","1966 長照服務","桃園市大園區","私立老人福利機構，收容對象：養護，核定床數 49 床","03-3861559",""
"桃園市私立祥安老人長期照顧中心（養護型）","1966 長照服務","桃園市龜山區","私立老人福利機構，收容對象：養護，核定床數 46 床","03-3975862",""
"桃園市私立慈慧老人長期照顧中心（養護型）","1966 長照服務","桃園市龜山區","私立老人福利機構，收容對象：養護，核定床數 19 床","03-3194922",""
"桃園市私立愈健老人長期照顧中心(養護型)","1966 長照服務","桃園市龜山區","私立老人福利機構，收容對象：養護，核定床數 49 床","03-3181946",""
"桃園市私立吳木同老人長期照顧中心（養護型）","1966 長照服務","桃園市龜山區","私立老人福利機構，收容對象：養護，核定床數 49 床","03-3161021",""
"桃園市私立松林老人長期照顧中心（長期照護型）","1966 長照服務","桃園市龜山區","私立老人福利機構，收容對象：長照，核定床數 46 床","03-3288158",""
"桃園市私立友緣老人長期照顧中心（養護型）","1966 長照服務","桃園市龜山區","私立老人福利機構，收容對象：養護，核定床數 39 床","03-3195969",""
"桃園市私立宥恩老人長期照顧中心（養護型）","1966 長照服務","桃園市龜山區","私立老人福利機構，收容對象：養護，核定床數 31 床","03-3191665",""
"桃園市私立真愛老人長期照顧中心（養護型）","1966 長照服務","桃園市龜山區","私立老人福利機構，收容對象：養護，核定床數 32 床","02-82000148",""
"財團法人桃園市私立怡德老人長期照顧中心(養護型)","1966 長照服務","桃園市龍潭區","私立老人福利機構，收容對象：養護 長照，核定床數 200 床","03-4092468",""
"桃園市私立佳心老人長期照顧中心(養護型)","1966 長照服務","桃園市龍潭區","私立老人福利機構，收容對象：養護，核定床數 42 床","03-4995577",""
"桃園市私立厚德老人長期照顧中心(養護型)","1966 長照服務","桃園市龍潭區","私立老人福利機構，收容對象：養護，核定床數 49 床","03-4718866",""
"桃園市私立龍祥老人長期照顧中心(長期照護型)","1966 長照服務","桃園市龍潭區","私立老人福利機構，收容對象：長照，核定床數 42 床","03-4719302",""
"桃園市私立慈航老人長期照顧中心(養護型)","1966 長照服務","桃園市龍潭區","私立老人福利機構，收容對象：養護 長照，核定床數 43 床","03-4097532",""
"桃園市私立庭園老人長期照顧中心（養護型）","1966 長照服務","桃園市龍潭區","私立老人福利機構，收容對象：養護 長照，核定床數 36 床","03-4991812",""
"財團法人桃園市私立佳安老人長期照顧中心(養護型)","1966 長照服務","桃園市龍潭區","私立老人福利機構，收容對象：養護，核定床數 124 床","03-4111111",""
"桃園市私立愛心老人長期照顧中心(養護型)","1966 長照服務","桃園市龍潭區","私立老人福利機構，收容對象：養護，核定床數 22 床","03-4990650",""
"桃園市私立慈園老人長期照顧中心(養護型)","1966 長照服務","桃園市龍潭區","私立老人福利機構，收容對象：養護，核定床數 43 床","03-4700766",""
"財團法人天下為公社會福利基金會附設桃園市私立龍潭老人長期照顧中心(養護型)","1966 長照服務","桃園市龍潭區","私立老人福利機構，收容對象：養護，核定床數 141 床","03-4116889",""
"桃園市私立欣園老人長期照顧中心(養護型)","1966 長照服務","桃園市新屋區","私立老人福利機構，收容對象：養護，核定床數 31 床","03-4207286",""
"桃園市私立龍德老人長期照顧中心（養護型）","1966 長照服務","桃園市新屋區","私立老人福利機構，收容對象：養護，核定床數 49 床","03-4970361",""
"桃園市私立博愛老人長期照顧中心(養護型)","1966 長照服務","桃園市新屋區","私立老人福利機構，收容對象：養護，核定床數 48 床","03-4775570",""
"桃園市私立友德老人長期照顧中心(養護型)","1966 長照服務","桃園市蘆竹區","私立老人福利機構，收容對象：養護，核定床數 49 床","03-3029320",""
"桃園市私立少同老人長期照顧中心(養護型)","1966 長照服務","桃園市中壢區","私立老人福利機構，收容對象：養護，核定床數 48 床","03-4081905",""
"桃園市私立坤宏老人長期照顧中心(養護型)","1966 長照服務","桃園市桃園區","私立老人福利機構，收容對象：養護，核定床數 49 床","03-3670286",""
"桃園市私立海森老人長期照顧中心(養護型)","1966 長照服務","桃園市蘆竹區","私立老人福利機構，收容對象：養護，核定床數 49 床","03-3228886",""
"桃園市私立安生老人長期照顧中心(長期照護型)","1966 長照服務","桃園市中壢區","私立老人福利機構，收容對象：長照，核定床數 31 床","03-4510116",""
"桃園市私立泰安老人長期照顧中心(養護型)","1966 長照服務","桃園市新屋區","私立老人福利機構，收容對象：養護，核定床數 48 床","03-4861967",""
"臺北市私立上美老人長期照顧中心(養護型)","1966 長照服務","台北市士林區","私立老人福利機構，收容對象：養護，核定床數 33 床","02-28122366",""
"臺北市至善老人安養護中心","1966 長照服務","台北市士林區","公設
民營老人福利機構，收容對象：安養 養護 長照，核定床數 471 床","02-28832666",""
"臺北市私立璞園老人長期照顧中心(養護型)","1966 長照服務","台北市士林區","私立老人福利機構，收容對象：養護，核定床數 46 床","02-28163696",""
"臺北市私立祐心老人長期照顧中心(養護型)","1966 長照服務","台北市士林區","私立老人福利機構，收容對象：養護，核定床數 16 床","02-28310432",""
"臺北市私立永青老人長期照顧中心(養護型)","1966 長照服務","台北市士林區","私立老人福利機構，收容對象：養護 長照，核定床數 31 床","02-28761908",""
"臺北市私立祇福老人養護所","1966 長照服務","台北市士林區","私立老人福利機構，收容對象：養護，核定床數 39 床","02-28317713",""
"臺北市私立荷園老人長期照顧中心(養護型)","1966 長照服務","台北市士林區","私立老人福利機構，收容對象：養護，核定床數 39 床","02-28163696",""
"臺北市私立柏安老人養護所","1966 長照服務","台北市士林區","私立老人福利機構，收容對象：養護，核定床數 20 床","02-28333536",""
"臺北市私立松園老人長期照顧中心(養護型)","1966 長照服務","台北市士林區","私立老人福利機構，收容對象：養護，核定床數 49 床","02-88662097",""
"臺北市私立天玉老人長期照顧中心(長期照護型)","1966 長照服務","台北市士林區","私立老人福利機構，收容對象：長照，核定床數 39 床","02-28720239",""
"臺北市私立慧光老人養護所","1966 長照服務","台北市大同區","私立老人福利機構，收容對象：養護，核定床數 40 床","02-25582275",""
"臺北市私立敦煌老人長期照顧中心(養護型)","1966 長照服務","台北市大同區","私立老人福利機構，收容對象：養護，核定床數 29 床","02-25945133",""
"臺北市私立祥安尊榮老人長期照顧中心(養護型)","1966 長照服務","台北市大同區","私立老人福利機構，收容對象：養護，核定床數 47 床","02-25860098",""
"臺北市私立永安老人養護所","1966 長照服務","台北市大同區","私立老人福利機構，收容對象：養護，核定床數 49 床","02-25980197",""
"臺北市私立德寶老人養護所","1966 長照服務","台北市大同區","私立老人福利機構，收容對象：養護，核定床數 28 床","02-25522062",""
"臺北市私立仁家老人長期照顧中心(養護型)","1966 長照服務","台北市大同區","私立老人福利機構，收容對象：養護，核定床數 49 床","02-25530799",""
"臺北市私立建順老人長期照顧中心(養護型)","1966 長照服務","台北市大同區","私立老人福利機構，收容對象：養護，核定床數 30 床","02-25520199",""
"臺北市私立建興老人長期照顧中心(養護型)","1966 長照服務","台北市大同區","私立老人福利機構，收容對象：養護，核定床數 31 床","02-25520199",""
"臺北市私立晉安老人長期照顧中心(養護型)","1966 長照服務","台北市大同區","私立老人福利機構，收容對象：養護，核定床數 49 床","02-25982301
02-25982401",""
"臺北市私立祥寶尊榮老人長期照顧中心(養護型)","1966 長照服務","台北市大同區","私立老人福利機構，收容對象：養護，核定床數 49 床","02-25501118",""
"臺北市私立天恩老人長期照顧中心(養護型)","1966 長照服務","台北市大安區","私立老人福利機構，收容對象：養護，核定床數 48 床","02-23620457
 02-23634382",""
"臺北市私立新常安老人長期照顧中心(養護型)","1966 長照服務","台北市大安區","私立老人福利機構，收容對象：養護，核定床數 39 床","02-23775448",""
"臺北市私立健全老人長期照顧中心(養護型)","1966 長照服務","台北市大安區","私立老人福利機構，收容對象：養護 長照，核定床數 47 床","02-23943265~6",""
"臺北市私立嘉恩老人長期照顧中心(養護型)","1966 長照服務","台北市大安區","私立老人福利機構，收容對象：養護，核定床數 43 床","02-27371330",""
"臺北市私立康寧老人長期照顧中心(養護型)","1966 長照服務","台北市大安區","私立老人福利機構，收容對象：養護，核定床數 30 床","02-27053835",""
"臺北市私立上上老人養護所","1966 長照服務","台北市大安區","私立老人福利機構，收容對象：養護，核定床數 15 床","02-27032223",""
"臺北市私立晨欣老人長期照顧中心(養護型)","1966 長照服務","台北市中山區","私立老人福利機構，收容對象：養護，核定床數 27 床","02-25212226",""
"臺北市私立松湛園老人養護所","1966 長照服務","台北市中山區","私立老人福利機構，收容對象：養護，核定床數 37 床","02-25652281",""
"臺北市私立松青園老人養護所","1966 長照服務","台北市中山區","私立老人福利機構，收容對象：養護，核定床數 29 床","02-25110903",""
"臺北市私立法泉老人長期照顧中心(養護型)","1966 長照服務","台北市中山區","私立老人福利機構，收容對象：養護，核定床數 39 床","02-87731706",""
"臺北市私立龍江老人長期照顧中心(養護型)","1966 長照服務","台北市中山區","私立老人福利機構，收容對象：養護，核定床數 37 床","02-25672208",""
"臺北市私立仁群老人長期照顧中心(養護型)","1966 長照服務","台北市中山區","私立老人福利機構，收容對象：養護，核定床數 48 床","02-25013369",""
"臺北市私立群仁老人長期照顧中心(養護型)","1966 長照服務","台北市中山區","私立老人福利機構，收容對象：養護，核定床數 42 床","02-25010048",""
"臺北市私立福成老人長期照顧中心(養護型)","1966 長照服務","台北市中山區","私立老人福利機構，收容對象：養護，核定床數 29 床","02-25982507",""
"臺北市私立福喜老人長期照顧中心(養護型)","1966 長照服務","台北市中山區","私立老人福利機構，收容對象：養護，核定床數 29 床","02-25919087",""
"臺北市私立仁泰老人長期照顧中心(養護型)","1966 長照服務","台北市中正區","私立老人福利機構，收容對象：養護，核定床數 31 床","02-33931662",""
"臺北市私立博愛老人長期照顧中心(養護型)","1966 長照服務","台北市中正區","私立老人福利機構，收容對象：養護，核定床數 41 床","02-23671050  02-23671819",""
"臺北市私立明德老人長期照顧中心(養護型)","1966 長照服務","台北市中正區","私立老人福利機構，收容對象：養護，核定床數 20 床","02-23090381",""
"臺北市私立大園老人長期照顧中心(養護型)","1966 長照服務","台北市中正區","私立老人福利機構，收容對象：養護，核定床數 34 床","02-33931661",""
"臺北市私立銀髮族老人養護所","1966 長照服務","台北市內湖區","私立老人福利機構，收容對象：養護，核定床數 46 床","02-27926006",""
"臺北市私立童音老人長期照顧中心(養護型)","1966 長照服務","台北市內湖區","私立老人福利機構，收容對象：養護 長照，核定床數 37 床","02-26345131
 02-26345132",""
"臺北市私立湖濱老人長期照顧中心(養護型)","1966 長照服務","台北市內湖區","私立老人福利機構，收容對象：養護，核定床數 18 床","02-27933081",""
"臺北市私立瑞安老人長期照顧中(養護型)","1966 長照服務","台北市內湖區","私立老人福利機構，收容對象：養護，核定床數 33 床","02-27925292",""
"臺北市私立祥家老人養護所","1966 長照服務","台北市內湖區","私立老人福利機構，收容對象：養護，核定床數 46 床","02-27922281",""
"臺北市私立文德老人長期照顧中心(養護型)","1966 長照服務","台北市內湖區","私立老人福利機構，收容對象：養護，核定床數 31 床","02-26581303",""
"臺北市政府社會局老人自費安養中心","1966 長照服務","台北市文山區","公立老人福利機構，收容對象：安養，核定床數 366 床","02-29393146",""
"臺北市私立景安老人長期照顧中心(養護型)","1966 長照服務","台北市文山區","私立老人福利機構，收容對象：養護，核定床數 41 床","02-29325698",""
"臺北市私立心慈老人養護所","1966 長照服務","台北市文山區","私立老人福利機構，收容對象：養護，核定床數 22 床","02-29314730",""
"臺北市私立慧誠老人長期照顧中心(養護型)","1966 長照服務","台北市文山區","私立老人福利機構，收容對象：養護，核定床數 48 床","02-29392222",""
"臺北市私立蓮馨老人長期照顧中心(養護型)","1966 長照服務","台北市文山區","私立老人福利機構，收容對象：養護，核定床數 29 床","02-82300373",""
"臺北市私立慈安老人長期照顧中心(養護型)","1966 長照服務","台北市文山區","私立老人福利機構，收容對象：養護，核定床數 47 床","02-29337745",""
"臺北市私立美安老人長期照顧中心(養護型)","1966 長照服務","台北市文山區","私立老人福利機構，收容對象：養護，核定床數 45 床","02-29316388",""
"臺北市私立景興老人長期照顧中心(養護型)","1966 長照服務","台北市文山區","私立老人福利機構，收容對象：養護，核定床數 38 床","02-29349412",""
"臺北市私立三園老人長期照顧中心(養護型)","1966 長照服務","台北市文山區","私立老人福利機構，收容對象：養護，核定床數 48 床","02-29321147",""
"臺北市私立吉祥老人長期照顧中心(養護型)","1966 長照服務","台北市文山區","私立老人福利機構，收容對象：養護，核定床數 43 床","02-22343511",""
"臺北市文山老人養護中心","1966 長照服務","台北市文山區","公設
民營老人福利機構，收容對象：養護，核定床數 46 床","02-89313190",""
"臺北市兆如老人安養護中心","1966 長照服務","台北市文山區","公設
民營老人福利機構，收容對象：安養 養護 長照，核定床數 453 床","02-86616365",""
"臺北市私立慧華老人長期照顧中心(養護型)","1966 長照服務","台北市文山區","私立老人福利機構，收容對象：養護，核定床數 30 床","02-29356272",""
"臺北市私立萬芳老人長期照顧中心(養護型)","1966 長照服務","台北市文山區","私立老人福利機構，收容對象：養護，核定床數 48 床","02-22303000",""
"臺北市私立尊暉老人長期照顧中心(養護型)","1966 長照服務","台北市北投區","私立老人福利機構，收容對象：養護，核定床數 26 床","02-28761997",""
"臺北市私立賢暉老人長期照顧中心(養護型)","1966 長照服務","台北市北投區","私立老人福利機構，收容對象：養護，核定床數 18 床","02-28710770",""
"臺北市私立高德老人長期照顧中心(養護型)","1966 長照服務","台北市北投區","私立老人福利機構，收容對象：養護，核定床數 45 床","02-28982418",""
"臺北市私立陽明山老人長期照顧中心(養護型)","1966 長照服務","台北市北投區","私立老人福利機構，收容對象：養護，核定床數 36 床","02-28615006",""
"臺北市私立全家老人長期照顧中心(養護型)","1966 長照服務","台北市北投區","私立老人福利機構，收容對象：養護，核定床數 29 床","02-28761692",""
"臺北市私立倚青園老人長期照顧中心(養護型)","1966 長照服務","台北市北投區","私立老人福利機構，收容對象：養護，核定床數 31 床","02-28283533",""
"臺北市私立榮健老人長期照顧中心(養護型)","1966 長照服務","台北市北投區","私立老人福利機構，收容對象：養護，核定床數 46 床","02-28216113",""
"臺北市私立全寶老人長期照顧中心(養護型)","1966 長照服務","台北市北投區","私立老人福利機構，收容對象：養護，核定床數 24 床","02-28710793",""
"臺北市私立義行老人長期照顧中心(養護型)","1966 長照服務","台北市北投區","私立老人福利機構，收容對象：養護，核定床數 49 床","02-28767880",""
"臺北市私立建民老人長期照顧中心(養護型)","1966 長照服務","台北市北投區","私立老人福利機構，收容對象：養護，核定床數 34 床","02-28250799",""
"臺北市私立榮祥老人長期照顧中心(養護型)","1966 長照服務","台北市北投區","私立老人福利機構，收容對象：養護，核定床數 34 床","02-28213709",""
"臺北市私立北投老人長期照顧中心(養護型)","1966 長照服務","台北市北投區","私立老人福利機構，收容對象：養護，核定床數 17 床","02-28937412",""
"臺北市私立全泰老人長期照顧中心(養護型)","1966 長照服務","台北市北投區","私立老人福利機構，收容對象：養護，核定床數 41 床","02-28747739",""
"臺北市私立崇順老人養護所","1966 長照服務","台北市北投區","私立老人福利機構，收容對象：養護，核定床數 27 床","02-28581979",""
"臺北市私立聖心老人養護所","1966 長照服務","台北市北投區","私立老人福利機構，收容對象：養護，核定床數 18 床","02-28913890",""
"臺北市私立精英國際老人長期照顧中心(養護型)","1966 長照服務","台北市北投區","私立老人福利機構，收容對象：養護，核定床數 26 床","02-28582701",""
"臺北市私立怡靜老人長期照顧中心(養護型)","1966 長照服務","台北市北投區","私立老人福利機構，收容對象：養護，核定床數 23 床","02-28200437",""
"臺北市私立貴族老人長期照顧中心(養護型)","1966 長照服務","台北市北投區","私立老人福利機構，收容對象：養護，核定床數 42 床","02-28965555",""
"臺北市私立行義老人長期照顧中心(養護型)","1966 長照服務","台北市北投區","私立老人福利機構，收容對象：養護，核定床數 49 床","02-28729599",""
"臺北市私立豪門老人長期照顧中心(養護型)","1966 長照服務","台北市北投區","私立老人福利機構，收容對象：養護，核定床數 42 床","02-28954492",""
"臺北市私立安安老人長期照顧中心(養護型)","1966 長照服務","台北市北投區","私立老人福利機構，收容對象：養護，核定床數 12 床","02-28953298",""
"臺北市私立奇里岸老人長期照顧中心(養護型)","1966 長照服務","台北市北投區","私立老人福利機構，收容對象：養護，核定床數 36 床","02-28275139",""
"財團法人台灣基督教道生院附設臺北市私立道生院老人長期照顧中心(養護型)","1966 長照服務","台北市北投區","私立老人福利機構，收容對象：養護，核定床數 88 床","02-28936161",""
"臺北市立浩然敬老院","1966 長照服務","台北市北投區","公立老人福利機構，收容對象：安養 養護，核定床數 400 床","02-28581081",""
"臺北市私立同德老人長期照顧中心(養護型)","1966 長照服務","台北市北投區","私立老人福利機構，收容對象：養護，核定床數 41 床","02-28281328",""
"臺北市私立群英老人長期照顧中心(養護型)","1966 長照服務","台北市松山區","私立老人福利機構，收容對象：養護，核定床數 24 床","02-25791400",""
"臺北市私立台大老人長期照顧中心(養護型)","1966 長照服務","台北市松山區","私立老人福利機構，收容對象：養護，核定床數 24 床","02-25792816",""
"臺北市私立仁仁老人長期照顧中心(養護型)","1966 長照服務","台北市松山區","私立老人福利機構，收容對象：養護，核定床數 34 床","02-27659900",""
"臺北市私立康壯老人長期照顧中心(養護型)","1966 長照服務","台北市松山區","私立老人福利機構，收容對象：養護，核定床數 49 床","02-27686697",""
"臺北市私立倚青苑老人養護所","1966 長照服務","台北市信義區","私立老人福利機構，收容對象：養護，核定床數 28 床","02-27477232",""
"臺北市私立康庭老人養護所","1966 長照服務","台北市信義區","私立老人福利機構，收容對象：養護，核定床數 29 床","02-23460684",""
"臺北市私立福安老人長期照顧中心(養護型)","1966 長照服務","台北市南港區","私立老人福利機構，收容對象：養護，核定床數 20 床","02-27850584",""
"臺北市私立葉媽媽老人長期照顧中心(養護型)","1966 長照服務","台北市萬華區","私立老人福利機構，收容對象：養護，核定床數 30 床","02-23329986",""
"財團法人天主教失智老人社會福利基金會附設臺北市私立聖若瑟失智老人養護中心","1966 長照服務","台北市萬華區","私立老人福利機構，收容對象：失智，核定床數 62 床","02-23046715~6
02-23046602",""
"臺北市私立葉爸爸老人長期照顧中心(養護型)","1966 長照服務","台北市萬華區","私立老人福利機構，收容對象：養護，核定床數 31 床","02-23329985",""
"臺北市私立中山老人長期照顧中心(養護型)","1966 長照服務","台北市萬華區","私立老人福利機構，收容對象：養護，核定床數 26 床","02-23759590",""
"財團法人臺北市私立恆安老人長期照顧中心(長期照護型)","1966 長照服務","台北市萬華區","私立老人福利機構，收容對象：長照，核定床數 117 床","02-23327973",""
"財團法人臺北市私立愛愛院","1966 長照服務","台北市萬華區","私立老人福利機構，收容對象：養護，核定床數 238 床","02-23060493",""
"臺北市私立軒儀老人長期照顧中心(養護型)","1966 長照服務","台北市萬華區","私立老人福利機構，收容對象：養護，核定床數 47 床","02-23088661",""
"臺北市私立華安老人長期照護中心","1966 長照服務","台北市大安區","私立老人福利機構，收容對象：長照，核定床數 20 床","02-27717172#60061",""
"臺北市私立全民老人長期照顧中心(養護型)","1966 長照服務","台北市北投區","私立老人福利機構，收容對象：養護，核定床數 24 床","02-28711625
 02-28316666",""
"衛生福利部北區老人之家(含頤苑大廈)","1966 長照服務","新北市新店區","公立老人福利機構，收容對象：安養 養護 長照，核定床數 602 床","02-2666-8695
02-2666-6497",""
"財團法人台灣省私立健順養護中心","1966 長照服務","新北市深坑區","私立老人福利機構，收容對象：失智 養護 長照，核定床數 134 床","02-2662-2499",""
"財團法人臺灣省私立臺北仁濟院附設仁濟安老所","1966 長照服務","新北市淡水區","私立老人福利機構，收容對象：安養，核定床數 122 床","02-2809-5600",""
"財團法人新北市私立台灣天主教安老院","1966 長照服務","新北市八里區","私立老人福利機構，收容對象：養護 安養，核定床數 78 床","02-26102034",""
"新北市私立三禾老人長期照顧中心(長期照護型)","1966 長照服務","新北市三芝區","私立老人福利機構，收容對象：長照，核定床數 46 床","02-26363222",""
"新北市私立仁惠老人長期照顧中心(養護型)","1966 長照服務","新北市三芝區","私立老人福利機構，收容對象：養護，核定床數 49 床","02-26365222",""
"新北市私立長勤老人長期照顧中心（養護型)","1966 長照服務","新北市三芝區","私立老人福利機構，收容對象：養護，核定床數 49 床","02-26366887",""
"財團法人台灣基督長老教會雙連教會附設新北市私立雙連安養中心","1966 長照服務","新北市三芝區","私立老人福利機構，收容對象：失智 養護 安養，核定床數 432 床","02-26365999",""
"新北市私立鴻澄老人長期照顧中心(養護型)","1966 長照服務","新北市三重區","私立老人福利機構，收容對象：養護，核定床數 35 床","02-29791130",""
"新北市私立大德老人長期照顧中心(養護型)","1966 長照服務","新北市三重區","私立老人福利機構，收容對象：養護，核定床數 39 床","02-22870889",""
"新北市私立心侑老人長期照顧中心(養護型)","1966 長照服務","新北市三重區","私立老人福利機構，收容對象：養護，核定床數 29 床","02-22819099",""
"新北市私立幸福老人長期照顧中心(養護型)","1966 長照服務","新北市三重區","私立老人福利機構，收容對象：養護，核定床數 46 床","02-85122666",""
"新北市私立豐禾老人長期照顧中心(養護型)","1966 長照服務","新北市三重區","私立老人福利機構，收容對象：養護，核定床數 45 床","02-89720166",""
"新北市私立靜園老人長期照顧中心(養護型)","1966 長照服務","新北市三重區","私立老人福利機構，收容對象：養護，核定床數 49 床","02-89731580",""
"新北市私立今光愛心老人養護中心","1966 長照服務","新北市三重區","私立老人福利機構，收容對象：養護，核定床數 48 床","02-29768888",""
"新北市私立大安老人長期照顧中心（養護型）","1966 長照服務","新北市三重區","私立老人福利機構，收容對象：養護，核定床數 24 床","02-89819911",""
"新北市私立祐安老人長期照顧中心（養護型）","1966 長照服務","新北市三重區","私立老人福利機構，收容對象：養護，核定床數 49 床","02-22866311",""
"新北市私立沐心老人長期照顧中心（養護型）","1966 長照服務","新北市三重區","私立老人福利機構，收容對象：養護，核定床數 46 床","02-29990737",""
"新北市私立圓滿老人長期照顧中心（養護型）","1966 長照服務","新北市三重區","私立老人福利機構，收容對象：養護，核定床數 39 床","02-29998867",""
"新北市私立蓮愛老人養護中心","1966 長照服務","新北市三重區","私立老人福利機構，收容對象：養護，核定床數 32 床","02-29896770",""
"新北市私立安泰老人長期照顧中心（養護型）","1966 長照服務","新北市三重區","私立老人福利機構，收容對象：養護，核定床數 30 床","02-29737632",""
"新北市私立長園老人長期照顧中心(養護型)","1966 長照服務","新北市三重區","私立老人福利機構，收容對象：養護，核定床數 46 床","02-29860063",""
"新北市私立慈恩老人長期照顧中心(養護型)","1966 長照服務","新北市三峽區","私立老人福利機構，收容對象：養護，核定床數 45 床","02-26738500",""
"新北市私立安康老人長期照顧中心（養護型）","1966 長照服務","新北市三峽區","私立老人福利機構，收容對象：養護，核定床數 31 床","02-86719488",""
"新北市私立清安養老院老人長期照顧中心(養護型)","1966 長照服務","新北市三峽區","私立老人福利機構，收容對象：養護，核定床數 48 床","02-86722809",""
"新北市私立清平養老院老人長期照顧中心（養護型）","1966 長照服務","新北市三峽區","私立老人福利機構，收容對象：養護，核定床數 48 床","02-86725678",""
"新北市私立清心養老院老人長期照顧中心（養護型）","1966 長照服務","新北市三峽區","私立老人福利機構，收容對象：養護，核定床數 48 床","02-86721354",""
"新北市私立清氣養老院老人長期照顧中心（養護型）","1966 長照服務","新北市三峽區","私立老人福利機構，收容對象：養護，核定床數 48 床","02-86721354",""
"新北市私立清福養老院老人長期照顧中心（養護型）","1966 長照服務","新北市三峽區","私立老人福利機構，收容對象：養護，核定床數 48 床","02-86725678",""
"新北市私立清景養老院老人長期照顧中心(養護型)","1966 長照服務","新北市三峽區","私立老人福利機構，收容對象：養護，核定床數 48 床","02-86725678",""
"新北市私立清風養老院老人長期照顧中心(養護型)","1966 長照服務","新北市三峽區","私立老人福利機構，收容對象：養護，核定床數 48 床","02-86725678",""
"新北市私立清照養老院老人長期照顧中心(養護型)","1966 長照服務","新北市三峽區","私立老人福利機構，收容對象：養護，核定床數 48 床","02-86725678",""
"新北市私立清日養老院老人長期照顧中心(養護型)","1966 長照服務","新北市三峽區","私立老人福利機構，收容對象：養護，核定床數 48 床","02-86722937",""
"新北市私立清春養老院老人長期照顧中心（養護型）","1966 長照服務","新北市三峽區","私立老人福利機構，收容對象：養護，核定床數 48 床","02-86726395",""
"新北市私立清涼養老院老人長期照顧中心(養護型)","1966 長照服務","新北市三峽區","私立老人福利機構，收容對象：養護，核定床數 48 床","02-86725678",""
"新北市私立清清養老院老人長期照顧中心(養護型)","1966 長照服務","新北市三峽區","私立老人福利機構，收容對象：養護，核定床數 48 床","02-86725678",""
"新北市私立東海老人長期照顧中心(養護型)","1966 長照服務","新北市新店區","私立老人福利機構，收容對象：養護，核定床數 38 床","02-29143333",""
"新北市私立清水養老院老人長期照顧中心(養護型)","1966 長照服務","新北市三峽區","私立老人福利機構，收容對象：養護，核定床數 48 床","02-86725678",""
"新北市私立清泉養老院老人長期照顧中心 (養護型)","1966 長照服務","新北市三峽區","私立老人福利機構，收容對象：養護，核定床數 48 床","02-86725678",""
"新北市私立清山養老院老人長期照顧中心（養護型）","1966 長照服務","新北市三峽區","私立老人福利機構，收容對象：養護，核定床數 48 床","02-86725678",""
"新北市私立衡安老人長期照顧中心（養護型）","1966 長照服務","新北市三峽區","私立老人福利機構，收容對象：養護，核定床數 49 床","02-86711558",""
"新北市私立安新老人長期照顧中心（養護型）","1966 長照服務","新北市三峽區","私立老人福利機構，收容對象：養護，核定床數 49 床","02-86710158",""
"新北市私立主恩福老人長期照顧中心(養護型)","1966 長照服務","新北市三峽區","私立老人福利機構，收容對象：養護，核定床數 47 床","02-86713896",""
"新北市私立廣春老人長期照顧中心(養護型)","1966 長照服務","新北市三峽區","私立老人福利機構，收容對象：養護，核定床數 40 床","02-86715396",""
"新北市私立鴻欣老人長期照顧中心（養護型）","1966 長照服務","新北市三峽區","私立老人福利機構，收容對象：養護，核定床數 40 床","02-86715396",""
"新北市私立智理老人長期照顧中心（養護型）","1966 長照服務","新北市三峽區","私立老人福利機構，收容對象：養護，核定床數 23 床","02-26741007",""
"新北市私立同心老人長期照顧中心(養護型)","1966 長照服務","新北市土城區","私立老人福利機構，收容對象：養護，核定床數 48 床","02-22679979",""
"新北市私立博楷老人長期照顧中心（養護型）","1966 長照服務","新北市土城區","私立老人福利機構，收容對象：養護，核定床數 47 床","02-22672952",""
"新北市私立博群老人長期照顧中心（養護型）","1966 長照服務","新北市土城區","私立老人福利機構，收容對象：養護，核定床數 47 床","02-22677356",""
"新北市私立連馨老人長期照顧中心（養護型）","1966 長照服務","新北市土城區","私立老人福利機構，收容對象：養護，核定床數 49 床","02-22635701",""
"新北市私立銀享家園老人長期照顧中心(養護型)","1966 長照服務","新北市土城區","私立老人福利機構，收容對象：養護，核定床數 49 床","02-22658289",""
"新北市私立銀享樂園老人長期照顧中心(養護型)","1966 長照服務","新北市土城區","私立老人福利機構，收容對象：養護，核定床數 49 床","02-22658299",""
"新北市私立迦勒老人長期照顧中心（養護型）","1966 長照服務","新北市土城區","私立老人福利機構，收容對象：養護，核定床數 38 床","02-82621966",""
"新北市私立大眾老人養護中心","1966 長照服務","新北市土城區","私立老人福利機構，收容對象：養護，核定床數 31 床","02-22602532",""
"新北市私立永泰老人養護中心","1966 長照服務","新北市中和區","私立老人福利機構，收容對象：養護，核定床數 20 床","02-22409933",""
"新北市私立雙和老人長期照顧中心（養護型）","1966 長照服務","新北市中和區","私立老人福利機構，收容對象：養護，核定床數 34 床","02-82458280",""
"新北市私立慈美老人養護中心","1966 長照服務","新北市中和區","私立老人福利機構，收容對象：養護，核定床數 49 床","02-22467727",""
"新北市私立合樂老人長期照顧中心（養護型）","1966 長照服務","新北市中和區","私立老人福利機構，收容對象：養護，核定床數 39 床","02-82458130",""
"新北市私立和樂老人長期照顧中心（養護型）","1966 長照服務","新北市中和區","私立老人福利機構，收容對象：養護，核定床數 39 床","02-82458131",""
"新北市私立闔樂老人長期照顧中心(養護型)","1966 長照服務","新北市中和區","私立老人福利機構，收容對象：養護，核定床數 49 床","02-22422502",""
"新北市私立忠祥老人長期照顧中心（養護型）","1966 長照服務","新北市中和區","私立老人福利機構，收容對象：養護，核定床數 41 床","02-22473386",""
"新北市私立逢海老人長期照顧中心（養護型）","1966 長照服務","新北市中和區","私立老人福利機構，收容對象：養護，核定床數 49 床","02-22451915",""
"新北市私立逢源老人長期照顧中心(養護型）","1966 長照服務","新北市中和區","私立老人福利機構，收容對象：養護，核定床數 49 床","02-22450139",""
"新北市私立福泰老人老人長期照顧中心（養護型）","1966 長照服務","新北市中和區","私立老人福利機構，收容對象：養護，核定床數 43 床","02-22233325",""
"新北市私立中原老人長期照顧中心（養護型）","1966 長照服務","新北市中和區","私立老人福利機構，收容對象：養護，核定床數 42 床","02-22286187",""
"新北市私立一德老人長期照顧中心（養護型）","1966 長照服務","新北市中和區","私立老人福利機構，收容對象：養護，核定床數 42 床","02-22286655",""
"新北市私立皇佳老人長期照顧中心（養護型）","1966 長照服務","新北市中和區","私立老人福利機構，收容對象：養護，核定床數 42 床","02-22286187",""
"新北市私立怡安老人長期照顧中心（養護型）","1966 長照服務","新北市中和區","私立老人福利機構，收容對象：養護，核定床數 47 床","02-82213542",""
"新北市私立怡和老人長期照顧中心（養護型）","1966 長照服務","新北市中和區","私立老人福利機構，收容對象：養護，核定床數 47 床","02-82213540",""
"新北市私立慈和老人長期照顧中心（養護型）","1966 長照服務","新北市中和區","私立老人福利機構，收容對象：養護，核定床數 32 床","02-22212393",""
"新北市私立慈安老人長期照顧中心（養護型）","1966 長照服務","新北市中和區","私立老人福利機構，收容對象：養護，核定床數 32 床","02-22212393",""
"新北市私立慈鴻老人長期照顧中心(養護型)","1966 長照服務","新北市中和區","私立老人福利機構，收容對象：養護，核定床數 32 床","02-22588868",""
"新北市私立?慈老人長期照顧中心（養護型）","1966 長照服務","新北市中和區","私立老人福利機構，收容對象：養護，核定床數 36 床","02-82286093",""
"新北市私立禾藝老人長期照顧中心（養護型）","1966 長照服務","新北市中和區","私立老人福利機構，收容對象：養護，核定床數 32 床","02-22226268",""
"新北市私立連城老人長期照顧中心（養護型）","1966 長照服務","新北市中和區","私立老人福利機構，收容對象：養護，核定床數 48 床","02-22479996",""
"新北市私立美馨老人長期照顧中心（養護型）","1966 長照服務","新北市中和區","私立老人福利機構，收容對象：養護，核定床數 28 床","02-22451915",""
"新北市私立安怡老人長期照顧中心(養護型)","1966 長照服務","新北市中和區","私立老人福利機構，收容對象：養護，核定床數 43 床","02-22287623",""
"新北市私立永順老人養護中心","1966 長照服務","新北市中和區","私立老人福利機構，收容對象：養護，核定床數 47 床","02-32340828",""
"新北市私立展欣老人長期照顧中心（養護型）","1966 長照服務","新北市中和區","私立老人福利機構，收容對象：養護，核定床數 41 床","02-22267373",""
"新北市私立享居老人長期照顧中心（養護型）","1966 長照服務","新北市中和區","私立老人福利機構，收容對象：養護，核定床數 46 床","02-22250966",""
"新北市私立仁安老人長期照顧中心（養護型）","1966 長照服務","新北市中和區","私立老人福利機構，收容對象：養護，核定床數 37 床","02-22481617",""
"新北市私立仁和老人長期照顧中心（養護型）","1966 長照服務","新北市中和區","私立老人福利機構，收容對象：養護，核定床數 40 床","02-22481607",""
"新北市私立祥逸老人長期照顧中心（養護型）","1966 長照服務","新北市中和區","私立老人福利機構，收容對象：養護，核定床數 30 床","02-82453559",""
"新北市私立宜安老人長期照顧中心（養護型）","1966 長照服務","新北市中和區","私立老人福利機構，收容對象：養護，核定床數 47 床","02-22409304",""
"新北市私立御林園老人長期照顧中心（養護型）","1966 長照服務","新北市中和區","私立老人福利機構，收容對象：養護，核定床數 19 床","02-22492772",""
"新北市私立中山老人長期照顧中心（養護型）","1966 長照服務","新北市中和區","私立老人福利機構，收容對象：養護，核定床數 24 床","02-22438323",""
"新北市私立五股愛心老人長期照顧中心（養護型）","1966 長照服務","新北市五股區","私立老人福利機構，收容對象：養護，核定床數 48 床","02-22936066",""
"新北市私立再芳老人長期照顧中心（養護型）","1966 長照服務","新北市五股區","私立老人福利機構，收容對象：養護，核定床數 39 床","02-22923158",""
"新北市私立明泰老人長期照顧中心（養護型）","1966 長照服務","新北市五股區","私立老人福利機構，收容對象：養護，核定床數 35 床","02-22930992",""
"新北市私立松永老人長期照顧中心（養護型）","1966 長照服務","新北市永和區","私立老人福利機構，收容對象：養護，核定床數 47 床","02-29237197",""
"新北市私立寶貝爹娘老人長期照顧中心（養護型）","1966 長照服務","新北市永和區","私立老人福利機構，收容對象：養護，核定床數 48 床","02-29230306",""
"新北市私立宏德老人長期照顧中心（養護型）","1966 長照服務","新北市永和區","私立老人福利機構，收容對象：養護，核定床數 47 床","02-29231336",""
"新北市私立育昇老人長期照顧中心（養護型）","1966 長照服務","新北市永和區","私立老人福利機構，收容對象：養護，核定床數 49 床","02-29261199",""
"新北市私立永恩老人長期照顧中心（養護型）","1966 長照服務","新北市永和區","私立老人福利機構，收容對象：養護，核定床數 48 床","02-29283862",""
"新北市私立永康老人長期照顧中心（養護型）","1966 長照服務","新北市永和區","私立老人福利機構，收容對象：養護，核定床數 48 床","02-29283862",""
"新北市私立寶安老人長期照顧心（養護型）","1966 長照服務","新北市永和區","私立老人福利機構，收容對象：養護，核定床數 47 床","02-89281517",""
"新北市私立福和老人長期照顧中心(養護型)","1966 長照服務","新北市永和區","私立老人福利機構，收容對象：養護，核定床數 19 床","02-89277187",""
"財團法人臺北市私立恆安老人長期照顧中心附設新北市私立大同老人長期照顧中心(養護)","1966 長照服務","新北市汐止區","私立老人福利機構，收容對象：養護，核定床數 196 床","02-86489888",""
"財團法人中華文化社會福利事業基金會附設新北市私立翠柏新村老人安養中心","1966 長照服務","新北市汐止區","私立老人福利機構，收容對象：養護 安養，核定床數 295 床","02-2645-1001
2645-1002",""
"新北市私立德馨老人長期照顧中心(養護型)","1966 長照服務","新北市汐止區","私立老人福利機構，收容對象：養護，核定床數 49 床","02-26471288",""
"新北市私立健銓老人長期照顧中心(養護型)","1966 長照服務","新北市汐止區","私立老人福利機構，收容對象：養護，核定床數 40 床","02-26422467",""
"新北市私立祥恩老人養護中心","1966 長照服務","新北市汐止區","私立老人福利機構，收容對象：養護，核定床數 39 床","02-86424959",""
"新北市私立祥和老人養護中心","1966 長照服務","新北市汐止區","私立老人福利機構，收容對象：養護，核定床數 33 床","02-26499691",""
"新北市私立童心老人長期照顧中心（養護型）","1966 長照服務","新北市汐止區","私立老人福利機構，收容對象：養護，核定床數 49 床","02-26940170",""
"新北市私立安濟老人長期照顧中心(養護型)","1966 長照服務","新北市汐止區","私立老人福利機構，收容對象：養護，核定床數 21 床","02-26951800",""
"新北市私立百睿老人長期照顧中心(養護型)","1966 長照服務","新北市汐止區","私立老人福利機構，收容對象：養護，核定床數 42 床","02-86933112",""
"新北市私立百齡家園老人長期照顧中心（養護型）","1966 長照服務","新北市汐止區","私立老人福利機構，收容對象：養護，核定床數 40 床","02-86931606",""
"新北市私立幸福家園老人長期照顧中心(養護型)","1966 長照服務","新北市汐止區","私立老人福利機構，收容對象：養護，核定床數 42 床","02-26926777",""
"新北市私立好家園老人長期照顧中心（養護型）","1966 長照服務","新北市汐止區","私立老人福利機構，收容對象：養護，核定床數 41 床","02-26926777",""
"新北市私立新陽光老人長期照顧中心(養護型)","1966 長照服務","新北市汐止區","私立老人福利機構，收容對象：養護，核定床數 49 床","02-26933978",""
"新北市私立天愛老人長期照顧中心(養護型)","1966 長照服務","新北市汐止區","私立老人福利機構，收容對象：養護，核定床數 49 床","02-26932239",""
"新北市私立銀泰老人長期照顧中心（養護型）","1966 長照服務","新北市汐止區","私立老人福利機構，收容對象：養護，核定床數 20 床","02-26934386",""
"新北市私立美麗家園老人長期照顧心（養護型）","1966 長照服務","新北市汐止區","私立老人福利機構，收容對象：養護，核定床數 48 床","02-26926111",""
"新北市私立百寧老人長期照顧中心(養護型)","1966 長照服務","新北市汐止區","私立老人福利機構，收容對象：養護，核定床數 40 床","02-86931901",""
"新北市私立東宜老人長期照顧中心（養護型）","1966 長照服務","新北市板橋區","私立老人福利機構，收容對象：養護，核定床數 40 床","02-22755050",""
"新北市私立寶樺老人長期照顧中心（養護型）","1966 長照服務","新北市板橋區","私立老人福利機構，收容對象：養護，核定床數 47 床","02-26820680",""
"新北市私立康達老人長期照顧中心（養護型）","1966 長照服務","新北市板橋區","私立老人福利機構，收容對象：養護，核定床數 47 床","02-26878791",""
"新北市私立松和老人長期照顧中心(養護型)","1966 長照服務","新北市板橋區","私立老人福利機構，收容對象：養護，核定床數 46 床","02-26823334",""
"新北市私立松樹老人長期照顧中心(養護型)","1966 長照服務","新北市板橋區","私立老人福利機構，收容對象：養護，核定床數 47 床","02-25116881",""
"新北市私立松林老人長期照顧中心(養護型)","1966 長照服務","新北市板橋區","私立老人福利機構，收容對象：養護，核定床數 41 床","02-25116881",""
"新北市私立春天老人長期照顧中心（養護型）","1966 長照服務","新北市板橋區","私立老人福利機構，收容對象：養護，核定床數 49 床","02-26841858",""
"新北市私立祥寶老人長期照顧中心(養護型)","1966 長照服務","新北市板橋區","私立老人福利機構，收容對象：養護，核定床數 48 床","02-29539299",""
"新北市私立祥永老人長期照顧中心(養護型)","1966 長照服務","新北市板橋區","私立老人福利機構，收容對象：養護，核定床數 49 床","02-89535859",""
"新北市私立祥好尊榮老人養護中心","1966 長照服務","新北市板橋區","私立老人福利機構，收容對象：養護，核定床數 48 床","02-29540868",""
"新北市私立祥弘老人長期照顧中心（養護型）","1966 長照服務","新北市板橋區","私立老人福利機構，收容對象：養護，核定床數 48 床","02-89533339",""
"新北市私立連旺老人長期照顧中心（養護型）","1966 長照服務","新北市板橋區","私立老人福利機構，收容對象：養護，核定床數 47 床","02-89520508",""
"新北市私立桐心老人養護中心","1966 長照服務","新北市板橋區","私立老人福利機構，收容對象：養護，核定床數 42 床","02-29688657",""
"新北市私立宏國老人長期照顧中心（養護型）","1966 長照服務","新北市板橋區","私立老人福利機構，收容對象：養護，核定床數 49 床","02-89667037",""
"新北市私立祥安居老人長期照顧中心（養護型）","1966 長照服務","新北市板橋區","私立老人福利機構，收容對象：養護，核定床數 44 床","02-89665598",""
"新北市私立瑞昇老人長期照顧中心（養護型）","1966 長照服務","新北市板橋區","私立老人福利機構，收容對象：養護，核定床數 46 床","02-89675498",""
"新北市私立慈徽老人養護中心","1966 長照服務","新北市板橋區","私立老人福利機構，收容對象：養護，核定床數 43 床","02-89665598",""
"新北市私立陽光老人長期照顧中心（養護型）","1966 長照服務","新北市板橋區","私立老人福利機構，收容對象：養護，核定床數 46 床","02-89665598",""
"新北市私立皖美老人長期照顧中心（養護型）","1966 長照服務","新北市板橋區","私立老人福利機構，收容對象：養護，核定床數 47 床","02-89665598",""
"新北市私立祥元尊榮老人長期照顧中心(養護型)","1966 長照服務","新北市板橋區","私立老人福利機構，收容對象：養護，核定床數 44 床","02-89668658",""
"新北市私立領袖天下老人長期照顧中心(養護型)","1966 長照服務","新北市板橋區","私立老人福利機構，收容對象：養護，核定床數 37 床","02-89668656",""
"新北市私立祥仁尊榮老人長期照顧中心(養護型)","1966 長照服務","新北市板橋區","私立老人福利機構，收容對象：養護，核定床數 49 床","02-89668657",""
"新北市私立松園老人長期照顧中心（養護型）","1966 長照服務","新北市板橋區","私立老人福利機構，收容對象：養護，核定床數 49 床","02-89665034",""
"新北市私立鴻祥老人長期照顧中心（養護型）","1966 長照服務","新北市板橋區","私立老人福利機構，收容對象：養護，核定床數 49 床","02-89675401",""
"新北市私立仁民老人長期照顧中心（養護型）","1966 長照服務","新北市板橋區","私立老人福利機構，收容對象：養護，核定床數 49 床","02-22587336",""
"新北市私立迦蜜老人長期照顧中心（養護型）","1966 長照服務","新北市板橋區","私立老人福利機構，收容對象：養護，核定床數 47 床","02-29511181",""
"新北市私立重慶老人長期照顧中心(養護型)","1966 長照服務","新北市板橋區","私立老人福利機構，收容對象：養護，核定床數 29 床","02-29648140",""
"新北市私立慧心老人長期照顧中心（養護型）","1966 長照服務","新北市板橋區","私立老人福利機構，收容對象：養護，核定床數 28 床","02-29567230",""
"新北市私立心田老人長期照顧中心（養護型）","1966 長照服務","新北市板橋區","私立老人福利機構，收容對象：養護 長照，核定床數 45 床","02-89511426",""
"新北市私立廣福老人養護中心","1966 長照服務","新北市板橋區","私立老人福利機構，收容對象：養護，核定床數 49 床","02-89514435",""
"新北市私立廣權老人養護中心","1966 長照服務","新北市板橋區","私立老人福利機構，收容對象：養護，核定床數 26 床","02-89514435",""
"新北市私立安佳老人長期照顧中心（養護型）","1966 長照服務","新北市板橋區","私立老人福利機構，收容對象：養護，核定床數 40 床","02-29688745",""
"新北市私立迦順老人長期照顧中心（養護型）","1966 長照服務","新北市板橋區","私立老人福利機構，收容對象：養護，核定床數 49 床","02-29645889",""
"新北市私立惟思老人養護中心","1966 長照服務","新北市林口區","私立老人福利機構，收容對象：養護，核定床數 43 床","02-26000888",""
"新北市私立夏雨老人長期照顧中心（長期照護型）","1966 長照服務","新北市林口區","私立老人福利機構，收容對象：長照，核定床數 41 床","02-26000888",""
"新北市私立恆輝老人長期照顧中心（養護型）","1966 長照服務","新北市泰山區","私立老人福利機構，收容對象：養護，核定床數 36 床","02-22962153",""
"新北市私立泰山台欣老人長期照顧中心(養護型)","1966 長照服務","新北市泰山區","私立老人福利機構，收容對象：養護，核定床數 48 床","02-29085527",""
"新北市私立思親老人長期照顧中心（養護型）","1966 長照服務","新北市淡水區","私立老人福利機構，收容對象：養護，核定床數 47 床","02-26211033",""
"新北市私立思福老人長期照顧中心（養護型）","1966 長照服務","新北市淡水區","私立老人福利機構，收容對象：養護，核定床數 45 床","02-26211033",""
"新北市私立思源老人養護中心","1966 長照服務","新北市淡水區","私立老人福利機構，收容對象：養護，核定床數 44 床","02-26211033",""
"新北市私立新明厚老人長期照顧中心（養護型）","1966 長照服務","新北市淡水區","私立老人福利機構，收容對象：養護，核定床數 43 床","02-26297290",""
"新北市私立富祥老人長期照顧中心（養護型）","1966 長照服務","新北市淡水區","私立老人福利機構，收容對象：養護，核定床數 36 床","02-88093550",""
"新北市私立崇惠老人長期照顧中心（養護型）","1966 長照服務","新北市淡水區","私立老人福利機構，收容對象：養護，核定床數 41 床","02-86268833",""
"新北市私立模範老人養護中心","1966 長照服務","新北市新店區","私立老人福利機構，收容對象：養護，核定床數 44 床","02-29126188",""
"新北市私立榮華老人長期照顧中心(養護型)","1966 長照服務","新北市新店區","私立老人福利機構，收容對象：養護，核定床數 42 床","02-29124106",""
"新北市私立國泰老人長期照顧中心（養護型）","1966 長照服務","新北市新店區","私立老人福利機構，收容對象：養護，核定床數 35 床","02-29125619",""
"新北市私立匯安老人長期照顧中心（養護型）","1966 長照服務","新北市新店區","私立老人福利機構，收容對象：養護，核定床數 48 床","02-86656656",""
"新北市私立莊敬老人長期照顧中心（養護型）","1966 長照服務","新北市新店區","私立老人福利機構，收容對象：養護，核定床數 40 床","02-22185571",""
"新北市私立溫昕老人長期照顧中心（養護型）","1966 長照服務","新北市新店區","私立老人福利機構，收容對象：養護，核定床數 39 床","02-22190258",""
"財團法人私立廣恩老人養護中心","1966 長照服務","新北市新店區","私立老人福利機構，收容對象：養護 長照，核定床數 133 床","02-22173517",""
"新北市私立新家老人長期照顧中心（養護型）","1966 長照服務","新北市新店區","私立老人福利機構，收容對象：養護，核定床數 24 床","02-22180877",""
"新北市私立康泰老人長期照顧中心（養護型）","1966 長照服務","新北市新店區","私立老人福利機構，收容對象：養護，核定床數 47 床","02-22181535",""
"新北市私立溫馨老人長期照顧中心（養護型）","1966 長照服務","新北市新店區","私立老人福利機構，收容對象：養護，核定床數 45 床","02-82187408",""
"新北市私立亞洲老人長期照顧中心（養護型）","1966 長照服務","新北市新店區","私立老人福利機構，收容對象：養護，核定床數 26 床","02-86671476",""
"新北市私立亞恩老人長期照顧中心（養護型）","1966 長照服務","新北市新店區","私立老人福利機構，收容對象：養護，核定床數 26 床","02-89146536",""
"新北市私立大坪林老人長期照顧中心（養護型）","1966 長照服務","新北市新店區","私立老人福利機構，收容對象：養護 長照，核定床數 46 床","02-29111377",""
"新北市私立皇冠老人養護中心","1966 長照服務","新北市新店區","私立老人福利機構，收容對象：養護 長照，核定床數 47 床","02-29125488",""
"新北市私立民權老人長期照顧中心(長期照護型)","1966 長照服務","新北市新店區","私立老人福利機構，收容對象：長照，核定床數 16 床","02-86671476",""
"新北市私立日祥老人養護中心","1966 長照服務","新北市新店區","私立老人福利機構，收容對象：養護，核定床數 21 床","02-86659609",""
"新北市私立承新老人長期照顧中心（養護型）","1966 長照服務","新北市新店區","私立老人福利機構，收容對象：養護，核定床數 45 床","02-86653731",""
"新北市私立南山老人長期照顧中心(養護型)","1966 長照服務","新北市新店區","私立老人福利機構，收容對象：養護，核定床數 49 床","02-29125070",""
"新北市私立新中老人長期照顧中心(養護型)","1966 長照服務","新北市新莊區","私立老人福利機構，收容對象：養護，核定床數 41 床","02-29938702",""
"新北市私立長恩老人長期照顧中心（養護型）","1966 長照服務","新北市新莊區","私立老人福利機構，收容對象：養護，核定床數 49 床","02-22013158",""
"新北市私立智英老人長期照護中心","1966 長照服務","新北市新莊區","私立老人福利機構，收容對象：長照，核定床數 25 床","02-29085498",""
"新北市私立中英老人養護中心","1966 長照服務","新北市新莊區","私立老人福利機構，收容對象：養護，核定床數 45 床","02-29085498",""
"新北市私立傅英老人長期照顧中心（養護型）","1966 長照服務","新北市新莊區","私立老人福利機構，收容對象：養護，核定床數 45 床","02-29085498",""
"新北市私立仁英老人養護中心","1966 長照服務","新北市新莊區","私立老人福利機構，收容對象：養護，核定床數 45 床","02-29085498",""
"新北市私立佳興老人長期照顧中心（養護型）","1966 長照服務","新北市新莊區","私立老人福利機構，收容對象：養護，核定床數 21 床","02-89920004",""
"新北市私立珍珍老人長期照顧中心（養護型）","1966 長照服務","新北市新莊區","私立老人福利機構，收容對象：養護，核定床數 31 床","02-29981530",""
"新北市私立永瑞老人長期照顧中心（養護型）","1966 長照服務","新北市新莊區","私立老人福利機構，收容對象：養護，核定床數 31 床","02-29941223",""
"新北市私立景馨老人長期照顧中心（養護型）","1966 長照服務","新北市新莊區","私立老人福利機構，收容對象：養護，核定床數 29 床","02-89921892",""
"新北市私立家安老人長期照顧中心(養護型)","1966 長照服務","新北市新莊區","私立老人福利機構，收容對象：養護，核定床數 49 床","02-89929235",""
"新北市私立馨安老人長期照顧中心（養護型）","1966 長照服務","新北市新莊區","私立老人福利機構，收容對象：養護，核定床數 39 床","02-29921656",""
"新北市私立安馨老人長期照顧中心（養護型）","1966 長照服務","新北市新莊區","私立老人福利機構，收容對象：養護，核定床數 42 床","02-29920766",""
"新北市私立常福緣老人長期照顧中心(養護型)","1966 長照服務","新北市新莊區","私立老人福利機構，收容對象：養護，核定床數 38 床","02-89933507",""
"新北市私立景頤老人長期照顧中心(養護型)","1966 長照服務","新北市新莊區","私立老人福利機構，收容對象：養護，核定床數 44 床","02-22772203",""
"新北市私立景福老人長期照顧中心（養護型）","1966 長照服務","新北市新莊區","私立老人福利機構，收容對象：養護，核定床數 35 床","02-22798833",""
"新北市私立老吾老老人長期照顧中心（養護型）","1966 長照服務","新北市新莊區","私立老人福利機構，收容對象：養護，核定床數 46 床","02-22020119",""
"新北市私立佳康老人長期照顧中心（養護型）","1966 長照服務","新北市新莊區","私立老人福利機構，收容對象：養護，核定床數 49 床","02-29083466",""
"新北市私立盛禾老人長期照顧中心（養護型）","1966 長照服務","新北市新莊區","私立老人福利機構，收容對象：養護，核定床數 47 床","02-29081656",""
"新北市私立吉康老人長期照顧中心(養護型)","1966 長照服務","新北市新莊區","私立老人福利機構，收容對象：養護，核定床數 29 床","02-29031720",""
"新北市私立健安老人長期照顧中心（養護型）","1966 長照服務","新北市新莊區","私立老人福利機構，收容對象：養護，核定床數 37 床","02-29031356",""
"新北市私立宏祈老人長期照顧中心（養護型）","1966 長照服務","新北市瑞芳區","私立老人福利機構，收容對象：養護，核定床數 48 床","02-24579446",""
"新北市私立頤瑞老人長期照顧中心（養護型）","1966 長照服務","新北市瑞芳區","私立老人福利機構，收容對象：養護，核定床數 49 床","02-24063372",""
"財團法人新北市私立馨園老人養護中心","1966 長照服務","新北市萬里區","私立老人福利機構，收容對象：養護，核定床數 160 床","02-24989331",""
"新北市立仁愛之家","1966 長照服務","新北市萬里區","公立老人福利機構，收容對象：養護 安養，核定床數 416 床","02-24922511",""
"新北市私立慈嘉老人長期照顧中心（養護型）","1966 長照服務","新北市樹林區","私立老人福利機構，收容對象：養護，核定床數 38 床","02-26863706",""
"新北市私立嘉恩老人長期照顧中心（養護型）","1966 長照服務","新北市樹林區","私立老人福利機構，收容對象：養護，核定床數 47 床","02-26833348",""
"新北市私立恆愛老人長期照顧中心（養護型）","1966 長照服務","新北市樹林區","私立老人福利機構，收容對象：養護，核定床數 39 床","02-86852927",""
"新北市私立禾閤老人長期照顧中心(養護型)","1966 長照服務","新北市樹林區","私立老人福利機構，收容對象：養護，核定床數 33 床","02-26852999",""
"新北市私立慈泰老人長期照顧中心（養護型）","1966 長照服務","新北市樹林區","私立老人福利機構，收容對象：養護，核定床數 47 床","02-26899333",""
"新北市私立嘉宥老人長期照顧中心(養護型)","1966 長照服務","新北市樹林區","私立老人福利機構，收容對象：養護，核定床數 49 床","02-26863706",""
"新北市私立保安老人長期照顧中心(養護型)","1966 長照服務","新北市樹林區","私立老人福利機構，收容對象：養護，核定床數 48 床","02-26863810",""
"新北市私立恩祥老人長期照顧中心（養護型）","1966 長照服務","新北市蘆洲區","私立老人福利機構，收容對象：養護，核定床數 49 床","02-22885959",""
"新北市私立吉立老人養護中心","1966 長照服務","新北市蘆洲區","私立老人福利機構，收容對象：養護，核定床數 19 床","02-22855703",""
"新北市私立佳緣老人長期照顧中心（養護型）","1966 長照服務","新北市鶯歌區","私立老人福利機構，收容對象：養護，核定床數 47 床","02-26707278",""
"新北市私立愛鄰田園老人長期照顧中心（養護型）","1966 長照服務","新北市鶯歌區","私立老人福利機構，收容對象：養護，核定床數 40 床","02-86773288",""
"新北市私立大漢老人長期照顧中心（養護型）","1966 長照服務","新北市汐止區","私立老人福利機構，收容對象：養護，核定床數 49 床","02-26932918",""
"新北市私立匯福老人長期照顧中心（養護型）","1966 長照服務","新北市新店區","私立老人福利機構，收容對象：養護，核定床數 48 床","02-22178035",""
"新北市私立溫馨園老人長期照顧中心（養護型）","1966 長照服務","新北市鶯歌區","私立老人福利機構，收容對象：養護，核定床數 49 床","02-26782277",""
"財團法人台灣省私立菩提仁愛之家","1966 長照服務","台中市大里區","私立老人福利機構，收容對象：長照 養護，核定床數 297 床","04-24837148",""
"臺中市立仁愛之家","1966 長照服務","台中市北屯區","公立老人福利機構，收容對象：安養 養護，核定床數 187 床","04-22392074",""
"財團法人臺中市私立長生老人長期照護中心","1966 長照服務","台中市北區","私立老人福利機構，收容對象：長照，核定床數 91 床","04-22302033",""
"財團法人台中市順天宮輔順將軍廟附設私立輔順仁愛之家","1966 長照服務","台中市北區","私立老人福利機構，收容對象：安養 養護，核定床數 170 床","04-22030602",""
"財團法人中華基督教福音信義傳道會附設台中市私立信義老人養護中心","1966 長照服務","台中市東勢區","私立老人福利機構，收容對象：養護，核定床數 49 床","04-25888225",""
"財團法人臺中市私立永耕社會福利基金會附設臺中市私立永耕老人養護中心","1966 長照服務","台中市南區","私立老人福利機構，收容對象：養護，核定床數 153 床","04-22611698",""
"財團法人臺灣省私立永信社會福利基金會附設臺中市私立松柏園老人養護中心","1966 長照服務","台中市大甲區","私立老人福利機構，收容對象：養護，核定床數 161 床","04-26760180",""
"財團法人臺中市私立普濟社會福利慈善事業基金會附設臺中市私立普濟老人長期照顧中心(養護型)","1966 長照服務","台中市龍井區","私立老人福利機構，收容對象：養護，核定床數 46 床","04-26522166",""
"財團法人臺中市私立公老坪社會福利慈善事業基金會附設臺中市私立田園老人養護中心","1966 長照服務","台中市豐原區","私立老人福利機構，收容對象：養護，核定床數 200 床","04-25220123",""
"財團法人臺中市私立廣達社會福利慈善事業基金會附設臺中市私立廣達老人長期照顧中心(養護型)","1966 長照服務","台中市外埔區","私立老人福利機構，收容對象：養護，核定床數 200 床","04-26836161",""
"財團法人臺中市私立好耆老人長期照顧中心(養護型)","1966 長照服務","台中市梧棲區","私立老人福利機構，收容對象：養護，核定床數 82 床","04-26630197",""
"臺中市私立溫興長期照顧中心(養護型)","1966 長照服務","台中市中區","私立老人福利機構，收容對象：養護，核定床數 28 床","04-22230938",""
"台中市私立麗安老人長期照顧中心(養護型)","1966 長照服務","台中市中區","私立老人福利機構，收容對象：長照 養護，核定床數 48 床","04-22250345",""
"臺中市私立麗新長期照顧中心(養護型)","1966 長照服務","台中市中區","私立老人福利機構，收容對象：養護，核定床數 37 床","04-22250345",""
"臺中市私立惠群老人長期照顧中心(養護型)","1966 長照服務","台中市東區","私立老人福利機構，收容對象：養護，核定床數 47 床","04-22130557",""
"臺中市私立德康老人長期照顧中心(養護型)","1966 長照服務","台中市東區","私立老人福利機構，收容對象：養護，核定床數 49 床","04-22154171",""
"臺中市私立敬馨老人長期照顧中心(養護型)","1966 長照服務","台中市東區","私立老人福利機構，收容對象：養護，核定床數 49 床","04-22116802",""
"臺中市私立福祿貝老老人養護中心","1966 長照服務","台中市西區","私立老人福利機構，收容對象：養護，核定床數 46 床","04-22026788",""
"台中市私立貝思特老人長期照顧中心(養護型)","1966 長照服務","台中市西區","私立老人福利機構，收容對象：長照 養護，核定床數 26 床","04-22026788",""
"台中市私立大墩老人養護中心","1966 長照服務","台中市西區","私立老人福利機構，收容對象：養護，核定床數 48 床","04-24735983 04-24716768",""
"臺中市私立長庚老人養護中心","1966 長照服務","台中市西區","私立老人福利機構，收容對象：養護，核定床數 40 床","04-23103586",""
"台中市私立祥和老人養護中心","1966 長照服務","台中市南區","私立老人福利機構，收容對象：養護，核定床數 45 床","04-22605999",""
"臺中市私立沐陽306老人長期照顧中心(養護型)","1966 長照服務","台中市南區","私立老人福利機構，收容對象：養護，核定床數 49 床","04-22222859",""
"臺中市私立永和老人養護中心","1966 長照服務","台中市北區","私立老人福利機構，收容對象：養護，核定床數 49 床","04-22030609",""
"台中市私立信望愛老人養護中心","1966 長照服務","台中市北區","私立老人福利機構，收容對象：養護，核定床數 49 床","04-22031097 04-22057036",""
"台中市私立慈恩老人養護中心","1966 長照服務","台中市北區","私立老人福利機構，收容對象：養護，核定床數 48 床","04-22039778",""
"臺中市私立杏林老人長期照顧中心(養護型)","1966 長照服務","台中市西屯區","私立老人福利機構，收容對象：養護，核定床數 49 床","04-24618119",""
"台中市私立玫園老人長期照顧中心(養護型)","1966 長照服務","台中市西屯區","私立老人福利機構，收容對象：養護，核定床數 49 床","04-24623902 04-24626799",""
"臺中市私立長青老人養護中心","1966 長照服務","台中市西屯區","私立老人福利機構，收容對象：養護，核定床數 47 床","04-23107959",""
"臺中市私立安健老人養護中心","1966 長照服務","台中市西屯區","私立老人福利機構，收容對象：養護，核定床數 49 床","04-23119033",""
"台中市私立善心園老人長期照顧中心(養護型)","1966 長照服務","台中市西屯區","私立老人福利機構，收容對象：養護，核定床數 49 床","04-24635886",""
"台中市私立至善園老人養護中心","1966 長照服務","台中市南屯區","私立老人福利機構，收容對象：養護，核定床數 49 床","04-23852299",""
"臺中市私立葳采老人長期照顧中心(養護型)","1966 長照服務","台中市南屯區","私立老人福利機構，收容對象：養護，核定床數 43 床","04-23807788",""
"臺中市私立真善美老人長期照顧中心(養護型)","1966 長照服務","台中市北屯區","私立老人福利機構，收容對象：養護，核定床數 49 床","04-24363201 04-24369228",""
"台中市私立惠恩老人養護中心","1966 長照服務","台中市北屯區","私立老人福利機構，收容對象：養護，核定床數 45 床","04-24223627",""
"臺中市私立同心居老人養護中心","1966 長照服務","台中市北屯區","私立老人福利機構，收容對象：養護，核定床數 49 床","04-24225880 04-24225958",""
"臺中市私立長生老人養護中心","1966 長照服務","台中市北屯區","私立老人福利機構，收容對象：養護，核定床數 49 床","04-24226226",""
"台中市私立大德老人養護中心","1966 長照服務","台中市北屯區","私立老人福利機構，收容對象：養護，核定床數 36 床","04-22930666 04-22989030",""
"臺中市私立欣德老人長期照顧中心(養護型)","1966 長照服務","台中市北屯區","私立老人福利機構，收容對象：長照 養護，核定床數 46 床","04-22316611",""
"台中市私立永春老人長期照顧中心(養護型)","1966 長照服務","台中市北屯區","私立老人福利機構，收容對象：養護，核定床數 46 床","04-24368956",""
"台中市私立永安老人長期照顧中心(養護型)","1966 長照服務","台中市北屯區","私立老人福利機構，收容對象：養護，核定床數 47 床","04-22389266",""
"台中市私立嘉民老人長期照顧中心(養護型)","1966 長照服務","台中市北屯區","私立老人福利機構，收容對象：養護，核定床數 48 床","04-24370892",""
"台中市私立福欣老人長期照顧中心(養護型)","1966 長照服務","台中市北屯區","私立老人福利機構，收容對象：養護，核定床數 46 床","04-24376502",""
"臺中市私立享壽老人長期照顧中心(養護型)","1966 長照服務","台中市烏日區","私立老人福利機構，收容對象：養護，核定床數 49 床","04-23385355",""
"臺中市私立昇柏老人養護中心","1966 長照服務","台中市烏日區","私立老人福利機構，收容對象：養護，核定床數 34 床","04-23381438",""
"臺中市私立泰安老人長期照顧中心(養護型)","1966 長照服務","台中市烏日區","私立老人福利機構，收容對象：養護，核定床數 49 床","04-23380707",""
"臺中市私立福碩老人長期照顧中心(養護型)","1966 長照服務","台中市烏日區","私立老人福利機構，收容對象：養護，核定床數 47 床","04-23386608",""
"臺中市私立清心老人養護中心","1966 長照服務","台中市大里區","私立老人福利機構，收容對象：養護，核定床數 49 床","04-24864567",""
"台中市私立全家老人養護中心","1966 長照服務","台中市大里區","私立老人福利機構，收容對象：養護，核定床數 49 床","04-24180505",""
"臺中市私立健民老人長期照顧中心(養護型)","1966 長照服務","台中市霧峰區","私立老人福利機構，收容對象：養護，核定床數 39 床","04-23328287",""
"臺中市私立皇家老人養護中心","1966 長照服務","台中市沙鹿區","私立老人福利機構，收容對象：養護，核定床數 40 床","04-26336666",""
"臺中市私立康祥老人長期照顧中心(養護型)","1966 長照服務","台中市沙鹿區","私立老人福利機構，收容對象：養護，核定床數 32 床","04-26367669",""
"臺中市私立育沛老人長期照顧中心(養護型)","1966 長照服務","台中市梧棲區","私立老人福利機構，收容對象：養護，核定床數 26 床","04-26392378",""
"臺中市私立健德老人養護中心","1966 長照服務","台中市大雅區","私立老人福利機構，收容對象：長照 養護，核定床數 49 床","04-25604290",""
"臺中市私立孝親園老人長期照顧中心(養護型)","1966 長照服務","台中市潭子區","私立老人福利機構，收容對象：養護，核定床數 49 床","04-25345412",""
"臺中市私立松群老人養護中心","1966 長照服務","台中市神岡區","私立老人福利機構，收容對象：養護，核定床數 48 床","04-25625627",""
"臺中市私立豐原長生老人養護中心","1966 長照服務","台中市豐原區","私立老人福利機構，收容對象：養護，核定床數 49 床","04-25151111",""
"臺中市私立健安老人養護中心","1966 長照服務","台中市豐原區","私立老人福利機構，收容對象：養護，核定床數 49 床","04-25255777",""
"臺中市私立太夫老人長期照顧中心(養護型)","1966 長照服務","台中市豐原區","私立老人福利機構，收容對象：養護，核定床數 20 床","04-25232048",""
"臺中市私立豐盛老人長期照顧中心","1966 長照服務","台中市豐原區","私立老人福利機構，收容對象：長照，核定床數 23 床","04-25122371",""
"臺中市私立愛老郎老人長期照顧中心(養護型)","1966 長照服務","台中市豐原區","私立老人福利機構，收容對象：長照 養護，核定床數 49 床","04-25293499",""
"臺中市私立桃太郎老人養護中心","1966 長照服務","台中市后里區","私立老人福利機構，收容對象：養護，核定床數 46 床","04-25561811",""
"臺中市私立健復老人長期照顧中心(養護型)","1966 長照服務","台中市后里區","私立老人福利機構，收容對象：養護，核定床數 49 床","04-25570002",""
"臺中市私立常春老人養護中心","1966 長照服務","台中市外埔區","私立老人福利機構，收容對象：養護，核定床數 45 床","04-26839990",""
"臺中市私立安宜田園老人長期照顧中心(養護型)","1966 長照服務","台中市外埔區","私立老人福利機構，收容對象：養護，核定床數 49 床","04-26838781",""
"臺中市私立永和老人長期照顧中心(養護型)","1966 長照服務","台中市大甲區","私立老人福利機構，收容對象：養護，核定床數 48 床","04-26870788",""
"財團法人台灣省私立台南仁愛之家（新都養護所）","1966 長照服務","台南市南區","私立老人福利機構，收容對象：養護，核定床數 139 床","06-2630431",""
"財團法人台灣省私立台南仁愛之家（成功養護中心）","1966 長照服務","台南市北區","私立老人福利機構，收容對象：養護，核定床數 54 床","06-2252115",""
"財團法人台灣省私立台南仁愛之家（康寧園安養中心）","1966 長照服務","台南市北區","私立老人福利機構，收容對象：安養，核定床數 99 床","06-2254670",""
"財團法人台灣省私立普門仁愛之家","1966 長照服務","台南市麻豆區","私立老人福利機構，收容對象：安養 養護，核定床數 72 床","06-5722384",""
"財團法人樹河社會福利基金會附設臺灣省私立悠然山莊安養中心","1966 長照服務","台南市關廟區","私立老人福利機構，收容對象：安養 養護 長照，核定床數 122 床","06-5954188",""
"臺南市私立祐健老人長期照顧中心(養護型)","1966 長照服務","台南市中西區","私立老人福利機構，收容對象：養護，核定床數 41 床","06-2260303",""
"臺南市私立慈心老人長期照顧中心(養護型)","1966 長照服務","台南市中西區","私立老人福利機構，收容對象：養護，核定床數 42 床","06-2586999",""
"臺南市私立慈恩老人長期照顧中心(養護型)","1966 長照服務","台南市中西區","私立老人福利機構，收容對象：養護，核定床數 49 床","06-2501843",""
"臺南市私立慈善老人長期照顧中心(養護型)","1966 長照服務","台南市中西區","私立老人福利機構，收容對象：養護，核定床數 45 床","06-2994591",""
"財團法人台南市基督教青年會社會福利慈善事業基金會附設台南市私立臨安老人養護中心","1966 長照服務","台南市中西區","私立老人福利機構，收容對象：養護，核定床數 68 床","06-3583000",""
"財團法人台南市私立林澄輝社會福利慈善事業基金會附設臺南市私立璐德老人長期照顧中心(養護型)","1966 長照服務","台南市中西區","私立老人福利機構，收容對象：養護，核定床數 72 床","06-3588670",""
"台南市私立長佳老人養護中心","1966 長照服務","台南市東區","私立老人福利機構，收容對象：養護，核定床數 49 床","06-2676812",""
"台南市私立佑惠老人養護中心","1966 長照服務","台南市東區","私立老人福利機構，收容對象：養護，核定床數 21 床","06-2695457",""
"台南市私立愛惠老人養護中心","1966 長照服務","台南市東區","私立老人福利機構，收容對象：養護，核定床數 28 床","06-2684254",""
"台南市私立崇善老人養護中心","1966 長照服務","台南市東區","私立老人福利機構，收容對象：養護，核定床數 45 床","06-3364911",""
"台南市私立中華老人養護中心","1966 長照服務","台南市東區","私立老人福利機構，收容對象：養護，核定床數 18 床","06-3356320",""
"台南市私立平安老人養護中心","1966 長照服務","台南市東區","私立老人福利機構，收容對象：養護，核定床數 49 床","06-2602050",""
"台南市私立千慈老人養護中心","1966 長照服務","台南市東區","私立老人福利機構，收容對象：養護，核定床數 35 床","06-2906407",""
"台南市私立同德老人養護中心","1966 長照服務","台南市東區","私立老人福利機構，收容對象：養護，核定床數 48 床","06-2697970",""
"臺南市私立有德老人長期照顧中心(養護型)","1966 長照服務","台南市東區","私立老人福利機構，收容對象：養護，核定床數 48 床","06-3352768",""
"臺南市私立臻德老人長期照顧中心(養護型)","1966 長照服務","台南市東區","私立老人福利機構，收容對象：養護，核定床數 46 床","06-2696828",""
"臺南市私立福康老人長期照顧中心(養護型)","1966 長照服務","台南市南區","私立老人福利機構，收容對象：養護，核定床數 21 床","06-2908005",""
"台南市私立瑞園老人長期照顧中心(養護型)","1966 長照服務","台南市南區","私立老人福利機構，收容對象：養護，核定床數 48 床","06-2652911",""
"財團法人台灣省台南市天主教仁愛修女會附設台南市私立老吾老養護中心","1966 長照服務","台南市南區","私立老人福利機構，收容對象：養護 長照，核定床數 79 床","06-2643837",""
"臺南市私立國民老人長期照顧中心(養護型)","1966 長照服務","台南市南區","私立老人福利機構，收容對象：養護，核定床數 38 床","06-2891829",""
"台南市私立明興老人養護中心","1966 長照服務","台南市南區","私立老人福利機構，收容對象：養護，核定床數 48 床","06-2622377",""
"台南市私立健康老人長期照顧中心(養護型)","1966 長照服務","台南市南區","私立老人福利機構，收容對象：養護，核定床數 45 床","06-2614516",""
"台南市私立長生老人養護中心","1966 長照服務","台南市南區","私立老人福利機構，收容對象：養護，核定床數 47 床","06-2916098",""
"臺南市私立樂活屋老人長期照顧中心(養護型)","1966 長照服務","台南市南區","私立老人福利機構，收容對象：養護，核定床數 48 床","06-2640777",""
"臺南市私立惠慈老人長期照顧中心(養護型)","1966 長照服務","台南市南區","私立老人福利機構，收容對象：養護，核定床數 38 床","06-3368789",""
"臺南市私立永佳老人長期照顧中心(養護型)","1966 長照服務","台南市南區","私立老人福利機構，收容對象：養護，核定床數 24 床","06-2960052",""
"臺南市私立康得老人長期照顧中心(養護型)","1966 長照服務","台南市南區","私立老人福利機構，收容對象：養護，核定床數 19 床","06-2670027",""
"臺南市私立森川老人長期照顧中心(養護型)","1966 長照服務","台南市南區","私立老人福利機構，收容對象：養護，核定床數 48 床","06-2626009",""
"臺南市私立永承老人長期照顧中心(養護型)","1966 長照服務","台南市南區","私立老人福利機構，收容對象：養護，核定床數 38 床","06-2965588",""
"台南市私立慈愛老人養護中心","1966 長照服務","台南市北區","私立老人福利機構，收容對象：養護，核定床數 49 床","06-2088818",""
"台南市私立聖功老人養護中心","1966 長照服務","台南市北區","私立老人福利機構，收容對象：養護，核定床數 40 床","06-2591081",""
"臺南市私立佳和老人長期照顧中心(養護型)","1966 長照服務","台南市北區","私立老人福利機構，收容對象：養護，核定床數 47 床","06-2826717",""
"臺南市私立宜家老人長期照顧中心(養護型)","1966 長照服務","台南市北區","私立老人福利機構，收容對象：養護，核定床數 44 床","06-2230861",""
"臺南市私立正覺老人長期照顧中心(養護型)","1966 長照服務","台南市北區","私立老人福利機構，收容對象：養護，核定床數 48 床","06-2525882",""
"臺南市私立詮恩老人長期照顧中心(養護型)","1966 長照服務","台南市北區","私立老人福利機構，收容對象：養護，核定床數 47 床","06-2520670",""
"臺南市政府社會局委託財團法人樹河社會福利基金會經營臺南市悠然綠園安養暨長期照顧中心","1966 長照服務","台南市安平區","公設民營老人福利機構，收容對象：養護 長照 安養 失智，核定床數 200 床","06-2957168",""
"財團法人台南市私立吾愛吾家養護中心","1966 長照服務","台南市安平區","私立老人福利機構，收容對象：養護，核定床數 68 床","06-2952763",""
"台南市私立馨心老人養護中心","1966 長照服務","台南市安平區","私立老人福利機構，收容對象：養護，核定床數 25 床","06-2507032",""
"台南市私立和豐園老人長期照顧中心(養護型)","1966 長照服務","台南市安南區","私立老人福利機構，收容對象：養護，核定床數 48 床","06-2800959",""
"台南市私立同安老人長期照顧中心(養護型)","1966 長照服務","台南市安南區","私立老人福利機構，收容對象：養護，核定床數 48 床","06-2466618",""
"台南市私立佑康老人長期照顧中心(養護型)","1966 長照服務","台南市安南區","私立老人福利機構，收容對象：養護，核定床數 23 床","06-2569757",""
"臺南市私立佳欣老人長期照顧中心(養護型)","1966 長照服務","台南市安南區","私立老人福利機構，收容對象：養護，核定床數 37 床","06-2872816",""
"台南市私立麗新老人養護中心","1966 長照服務","台南市安南區","私立老人福利機構，收容對象：養護，核定床數 31 床","06-2873078",""
"臺南市私立愛和老人長期照顧中心(養護型)","1966 長照服務","台南市安南區","私立老人福利機構，收容對象：養護，核定床數 48 床","06-2560884",""
"臺南市私立安和老人長期照顧中心(養護型)","1966 長照服務","台南市安南區","私立老人福利機構，收容對象：養護，核定床數 48 床","06-2558385",""
"臺南市私立美麗園老人長期照顧中心(養護型)","1966 長照服務","台南市安南區","私立老人福利機構，收容對象：養護，核定床數 48 床","06-2571212",""
"臺南市私立裕康美老人長期照顧中心(養護型)","1966 長照服務","台南市安南區","私立老人福利機構，收容對象：養護，核定床數 49 床","06-2571212",""
"臺南市私立怡安老人長期照顧中心(養護型)","1966 長照服務","台南市安南區","私立老人福利機構，收容對象：養護，核定床數 49 床","06-2455566
06-2565108",""
"臺南市私立東園老人長期照顧中心(養護型)","1966 長照服務","台南市安南區","私立老人福利機構，收容對象：養護，核定床數 49 床","06-2873663",""
"臺南市私立順安老人長期照顧中心(養護型)","1966 長照服務","台南市安南區","私立老人福利機構，收容對象：養護，核定床數 49 床","06-2459966",""
"臺南市私立萬安老人長期照顧中心(養護型)","1966 長照服務","台南市新營區","私立老人福利機構，收容對象：養護，核定床數 49 床","06-6330899",""
"臺南市私立萬泰老人長期照顧中心(養護型)","1966 長照服務","台南市新營區","私立老人福利機構，收容對象：養護，核定床數 49 床","06-6330899",""
"臺南市私立欣園老人長期照顧中心(養護型)","1966 長照服務","台南市新營區","私立老人福利機構，收容對象：養護，核定床數 48 床","06-6337830",""
"臺南市私立合信老人長期照顧中心(養護型)","1966 長照服務","台南市新營區","私立老人福利機構，收容對象：養護，核定床數 38 床","06-6572886",""
"臺南市私立泰安老人養護中心","1966 長照服務","台南市新營區","私立老人福利機構，收容對象：養護，核定床數 49 床","06-6352262",""
"臺南市私立美安老人養護中心","1966 長照服務","台南市新營區","私立老人福利機構，收容對象：養護，核定床數 36 床","06-6352262",""
"臺南市私立新營老人長期照顧中心(養護型)","1966 長照服務","台南市新營區","私立老人福利機構，收容對象：養護，核定床數 48 床","06-6581517",""
"臺南市私立太子宮老人養護中心","1966 長照服務","台南市新營區","私立老人福利機構，收容對象：養護，核定床數 49 床","06-6525528",""
"臺南市私立佑安老人長期照顧中心(養護型)","1966 長照服務","台南市新營區","私立老人福利機構，收容對象：養護，核定床數 49 床","06-6325999",""
"財團法人臺南市私立麻豆社會福利慈善事業基金會附設臺南市私立麻豆老人養護中心","1966 長照服務","台南市麻豆區","私立老人福利機構，收容對象：養護，核定床數 164 床","06-5710979",""
"臺南市私立清心園老人長期照顧中心(養護型)","1966 長照服務","台南市麻豆區","私立老人福利機構，收容對象：養護，核定床數 48 床","06-5700010",""
"臺南市私立公園老人長期照顧中心(養護型)","1966 長照服務","台南市佳里區","私立老人福利機構，收容對象：養護，核定床數 48 床","06-7212829",""
"臺南市私立宏瑋養護院","1966 長照服務","台南市佳里區","私立老人福利機構，收容對象：養護，核定床數 48 床","06-7230265",""
"臺南市私立宏佳老人養護院","1966 長照服務","台南市佳里區","私立老人福利機構，收容對象：養護，核定床數 39 床","06-7230265",""
"臺南市私立宏祐老人養護之家","1966 長照服務","台南市佳里區","私立老人福利機構，收容對象：養護，核定床數 49 床","06-7215700",""
"臺南市私立宏丞老人養護之家","1966 長照服務","台南市佳里區","私立老人福利機構，收容對象：養護，核定床數 46 床","06-7215800",""
"臺南市私立康泰老人長期照顧中心(養護型)","1966 長照服務","台南市佳里區","私立老人福利機構，收容對象：養護，核定床數 48 床","06-7222955",""
"臺南市私立康健老人長期照顧中心(養護型)","1966 長照服務","台南市佳里區","私立老人福利機構，收容對象：養護，核定床數 49 床","06-7222977",""
"臺南市私立天寶老人長期照顧中心(養護型)","1966 長照服務","台南市新化區","私立老人福利機構，收容對象：養護，核定床數 49 床","06-5982336",""
"臺南市私立松柏養護之家","1966 長照服務","台南市新化區","私立老人福利機構，收容對象：養護，核定床數 48 床","06-5980662",""
"財團法人臺南市私立佛教觀音村社會福利慈善事業基金會附設臺南市私立觀音村老人養護靜修院","1966 長照服務","台南市新化區","私立老人福利機構，收容對象：養護，核定床數 80 床","06-5912800",""
"財團法人臺灣省臺南市臺灣首廟天壇附設臺南市私立天壇老人養護中心","1966 長照服務","台南市新化區","私立老人福利機構，收容對象：養護，核定床數 250 床","06-5800111",""
"臺南市私立安心養護之家","1966 長照服務","台南市善化區","私立老人福利機構，收容對象：養護，核定床數 46 床","06-5835388",""
"臺南市私立健樂老人長期照顧中心(養護型)","1966 長照服務","台南市學甲區","私立老人福利機構，收容對象：養護，核定床數 49 床","06-7830536",""
"臺南市私立樂健心?老人長期照顧中心(養護型)","1966 長照服務","台南市學甲區","私立老人福利機構，收容對象：養護，核定床數 49 床","06-7830536",""
"臺南市私立學甲老人養護中心","1966 長照服務","台南市學甲區","私立老人福利機構，收容對象：養護，核定床數 49 床","06-7820353",""
"臺南市私立馨園老人長期照顧中心(養護型)","1966 長照服務","台南市學甲區","私立老人福利機構，收容對象：養護，核定床數 48 床","06-7834077",""
"臺南市私立存德老人養護中心","1966 長照服務","台南市後壁區","私立老人福利機構，收容對象：養護，核定床數 45 床","06-6623588",""
"臺南市私立廣恩老人養護中心","1966 長照服務","台南市東山區","私立老人福利機構，收容對象：養護，核定床數 49 床","06-6801785",""
"臺南市私立大慶老人長期照顧中心(養護型)","1966 長照服務","台南市東山區","私立老人福利機構，收容對象：養護，核定床數 44 床","06-6804197",""
"臺南市私立和平老人長期照顧中心(養護型)","1966 長照服務","台南市下營區","私立老人福利機構，收容對象：養護，核定床數 48 床","06-6898268",""
"臺南市政府社會局委託財團法人高雄市私立萃文書院社會福利慈善事業基金會經營臺南市官田老人養護中心","1966 長照服務","台南市官田區","公設民營老人福利機構，收容對象：養護，核定床數 152 床","06-5790749",""
"臺南市私立康慈老人長期照顧中心(養護型)","1966 長照服務","台南市大內區","私立老人福利機構，收容對象：養護，核定床數 49 床","06-5761878",""
"臺南市私立藤澤養護之家","1966 長照服務","台南市西港區","私立老人福利機構，收容對象：養護，核定床數 40 床","06-7952180",""
"臺南市私立春柏老人長期照顧中心(養護型)","1966 長照服務","台南市西港區","私立老人福利機構，收容對象：養護，核定床數 48 床","06-7955397",""
"臺南市私立家園老人養護中心","1966 長照服務","台南市西港區","私立老人福利機構，收容對象：養護，核定床數 49 床","06-7955282",""
"臺南市私立為仁老人長期照顧中心(養護型)","1966 長照服務","台南市西港區","私立老人福利機構，收容對象：養護，核定床數 48 床","06-7956402",""
"臺南市私立藤龍老人長期照顧中心(養護型)","1966 長照服務","台南市西港區","私立老人福利機構，收容對象：養護，核定床數 49 床","06-7958138",""
"臺南市私立順園老人長期照顧中心（養護型）","1966 長照服務","台南市將軍區","私立老人福利機構，收容對象：養護，核定床數 48 床","06-7941286",""
"臺南市私立喜園老人長期照顧中心（養護型）","1966 長照服務","台南市將軍區","私立老人福利機構，收容對象：養護，核定床數 48 床","06-7941286",""
"臺南市私立善園老人長期照顧中心（養護型）","1966 長照服務","台南市將軍區","私立老人福利機構，收容對象：養護，核定床數 48 床","06-7941286",""
"臺南市私立惠群老人長期照顧中心(養護型)","1966 長照服務","台南市仁德區","私立老人福利機構，收容對象：養護，核定床數 31 床","06-2684356",""
"臺南市私立慈安老人長期照顧中心(養護型)","1966 長照服務","台南市仁德區","私立老人福利機構，收容對象：養護，核定床數 48 床","06-2905728",""
"臺南市私立迦南山莊老人長期照顧中心(養護型)","1966 長照服務","台南市仁德區","私立老人福利機構，收容對象：養護，核定床數 49 床","06-2884303",""
"臺南市私立尚美老人養護中心","1966 長照服務","台南市仁德區","私立老人福利機構，收容對象：養護，核定床數 27 床","06-2496576",""
"臺南市私立長祐老人長期照顧中心(養護型)","1966 長照服務","台南市仁德區","私立老人福利機構，收容對象：養護，核定床數 49 床","06-2666425",""
"臺南市私立仁田老人長期照顧中心(養護型)","1966 長照服務","台南市仁德區","私立老人福利機構，收容對象：養護，核定床數 30 床","06-2797977",""
"臺南市私立恩欣老人長期照顧中心(養護型)","1966 長照服務","台南市仁德區","私立老人福利機構，收容對象：養護，核定床數 45 床","06-2895999",""
"臺南市私立媽廟老人養護院","1966 長照服務","台南市歸仁區","私立老人福利機構，收容對象：養護，核定床數 48 床","06-2719123",""
"臺南市私立歸仁愛心養護中心","1966 長照服務","台南市歸仁區","私立老人福利機構，收容對象：養護，核定床數 48 床","06-2396618",""
"臺南市私立友廉養護中心","1966 長照服務","台南市永康區","私立老人福利機構，收容對象：養護，核定床數 32 床","06-2020707",""
"臺南市私立保健老人長期照顧中心（養護型）","1966 長照服務","台南市永康區","私立老人福利機構，收容對象：養護，核定床數 31 床","06-2028884",""
"臺南市私立南臺養護中心","1966 長照服務","台南市永康區","私立老人福利機構，收容對象：養護，核定床數 48 床","06-2425538",""
"臺南市私立永康慈善老人養護之家","1966 長照服務","台南市永康區","私立老人福利機構，收容對象：養護，核定床數 44 床","06-2015439",""
"臺南市私立維康老人養護中心","1966 長照服務","台南市永康區","私立老人福利機構，收容對象：養護，核定床數 39 床","06-3027655",""
"臺南市私立和春老人長期照顧中心(養護型)","1966 長照服務","台南市永康區","私立老人福利機構，收容對象：養護，核定床數 49 床","06-3025908",""
"臺南市私立康鈞老人長期照顧中心(養護型)","1966 長照服務","台南市永康區","私立老人福利機構，收容對象：養護，核定床數 48 床","06-2020816",""
"臺南市私立樺馨苑老人長期照顧中心(養護型)","1966 長照服務","台南市永康區","私立老人福利機構，收容對象：養護，核定床數 48 床","06-2719998",""
"臺南市私立陽光老人長期照顧中心(養護型)","1966 長照服務","台南市永康區","私立老人福利機構，收容對象：養護，核定床數 24 床","06-3020288",""
"臺南市私立宜仁老人長期照顧中心(養護型)","1966 長照服務","台南市永康區","私立老人福利機構，收容對象：養護，核定床數 45 床","06-2019321",""
"臺南市私立玉山老人長期照顧中心(養護型)","1966 長照服務","台南市山上區","私立老人福利機構，收容對象：養護，核定床數 49 床","",""
"臺南市私立天和老人長期照顧中心(養護型)","1966 長照服務","台南市後壁區","私立老人福利機構，收容對象：養護，核定床數 48 床","06-6355553",""
"臺南市私立融園老人長期照顧中心(養護型)","1966 長照服務","台南市官田區","私立老人福利機構，收容對象：養護，核定床數 49 床","06-5793333",""
"臺南市私立長和老人長期照顧中心(養護型)","1966 長照服務","台南市安南區","私立老人福利機構，收容對象：養護，核定床數 48 床","06-2552551",""
"財團法人台灣省私立高雄仁愛之家","1966 長照服務","高雄市大寮區","私立老人福利機構，收容對象：安養 養護，核定床數 398 床","07-7037380",""
"高雄市私立和信老人長期照顧中心 (養護型)","1966 長照服務","高雄市前鎮區","私立老人福利機構，收容對象：養護，核定床數 47 床","07-7220726",""
"高雄市私立親親老人長期照顧中心（養護型）","1966 長照服務","高雄市前鎮區","私立老人福利機構，收容對象：養護，核定床數 46 床","07-7220251",""
"高雄市私立安和老人長期照顧中心（養護型）","1966 長照服務","高雄市前鎮區","私立老人福利機構，收容對象：養護，核定床數 49 床","07-7226456",""
"高雄市私立安仁老人長期照顧中心(養護型)","1966 長照服務","高雄市前鎮區","私立老人福利機構，收容對象：養護，核定床數 49 床","07-7226456",""
"高雄市私立合信老人長期照顧中心（養護型）","1966 長照服務","高雄市前鎮區","私立老人福利機構，收容對象：養護，核定床數 36 床","07-7220726",""
"高雄市私立溫心養護中心","1966 長照服務","高雄市前鎮區","私立老人福利機構，收容對象：養護，核定床數 49 床","07-3339696",""
"高雄市私立耀群老人長期照顧中心(養護型)","1966 長照服務","高雄市前鎮區","私立老人福利機構，收容對象：養護，核定床數 47 床","07-7171168",""
"高雄市私立雙喜老人長期照顧中心（養護型）","1966 長照服務","高雄市前鎮區","私立老人福利機構，收容對象：養護，核定床數 47 床","07-7224765",""
"高雄市私立幸福一家老人長期照顧中心（養護型）","1966 長照服務","高雄市前鎮區","私立老人福利機構，收容對象：養護，核定床數 49 床","07-8157277",""
"高雄市私立心橋老人長期照顧中心（養護型）","1966 長照服務","高雄市前鎮區","私立老人福利機構，收容對象：養護，核定床數 39 床","07-7224765",""
"高雄市私立全人老人長期照顧中心(養護型)","1966 長照服務","高雄市前鎮區","私立老人福利機構，收容對象：養護，核定床數 31 床","07-7617665",""
"高雄市私立上和老人長期照顧中心(養護型)","1966 長照服務","高雄市前鎮區","私立老人福利機構，收容對象：養護，核定床數 38 床","07-8127575",""
"高雄市私立瑞翁老人長期照顧中心(養護型)","1966 長照服務","高雄市小港區","私立老人福利機構，收容對象：養護，核定床數 46 床","07-8038600",""
"高雄市私立人愛養護之家","1966 長照服務","高雄市小港區","私立老人福利機構，收容對象：養護，核定床數 44 床","07-8913131",""
"高雄市私立祐安養護中心","1966 長照服務","高雄市小港區","私立老人福利機構，收容對象：養護，核定床數 48 床","07-8036565",""
"高雄市私立祥和養護中心","1966 長照服務","高雄市小港區","私立老人福利機構，收容對象：養護，核定床數 43 床","07-8063516",""
"高雄市私立傳祐老人長期照顧中心(養護型)","1966 長照服務","高雄市小港區","私立老人福利機構，收容對象：養護，核定床數 49 床","07-8071593",""
"高雄市私立康庭老人長期照顧中心(養護型)","1966 長照服務","高雄市小港區","私立老人福利機構，收容對象：養護，核定床數 40 床","07-8913966",""
"高雄市私立中安崇恩老人長期照顧中心(養護型)","1966 長照服務","高雄市小港區","私立老人福利機構，收容對象：養護，核定床數 49 床","07-7915106",""
"信義醫療財團法人附設高雄市私立方舟養護之家","1966 長照服務","高雄市苓雅區","私立老人福利機構，收容對象：養護，核定床數 86 床","07-3321111",""
"高雄市私立吉翁養護之家","1966 長照服務","高雄市苓雅區","私立老人福利機構，收容對象：養護，核定床數 46 床","07-7470522",""
"高雄市私立新立養護中心","1966 長照服務","高雄市苓雅區","私立老人福利機構，收容對象：養護，核定床數 37 床","07-3301000",""
"高雄市私立芳園老人長期照顧中心(養護型)","1966 長照服務","高雄市苓雅區","私立老人福利機構，收容對象：養護，核定床數 48 床","07-7470306",""
"高雄市私立好順心老人長期照顧中心(養護型)","1966 長照服務","高雄市苓雅區","私立老人福利機構，收容對象：養護，核定床數 49 床","07-7166177",""
"高雄市私立順心老人長期照顧中心(養護型)","1966 長照服務","高雄市苓雅區","私立老人福利機構，收容對象：養護，核定床數 49 床","07-7165977",""
"高雄市私立大順老人長期照顧中心（養護型）","1966 長照服務","高雄市前金區","私立老人福利機構，收容對象：養護，核定床數 48 床","07-2015501",""
"高雄市私立健生老人養護中心","1966 長照服務","高雄市前金區","私立老人福利機構，收容對象：養護，核定床數 48 床","07-2614912",""
"高雄市私立安安養護之家","1966 長照服務","高雄市前金區","私立老人福利機構，收容對象：養護，核定床數 47 床","07-2412956",""
"高雄市私立孝升老人長期照顧中心(養護型)","1966 長照服務","高雄市前金區","私立老人福利機構，收容對象：養護，核定床數 49 床","07-2723067",""
"高雄市私立新松柏養護之家","1966 長照服務","高雄市三民區","私立老人福利機構，收容對象：養護，核定床數 43 床","07-3229507",""
"高雄市私立富華養護中心","1966 長照服務","高雄市三民區","私立老人福利機構，收容對象：養護，核定床數 46 床","07-3161076",""
"高雄市私立慈融老人長期照顧中心(養護型)","1966 長照服務","高雄市三民區","私立老人福利機構，收容對象：養護，核定床數 42 床","07-3223278",""
"高雄市私立德安養護之家","1966 長照服務","高雄市三民區","私立老人福利機構，收容對象：養護，核定床數 47 床","07-3121010",""
"高雄市私立天誠老人養護中心","1966 長照服務","高雄市三民區","私立老人福利機構，收容對象：養護，核定床數 49 床","07-3125009",""
"高雄市私立高生老人養護中心","1966 長照服務","高雄市三民區","私立老人福利機構，收容對象：養護，核定床數 30 床","07-3138636",""
"高雄市私立和興老人長期照顧中心(養護型)","1966 長照服務","高雄市三民區","私立老人福利機構，收容對象：養護，核定床數 47 床","07-3871285",""
"高雄市私立佛心老人長期照顧中心(養護型)","1966 長照服務","高雄市三民區","私立老人福利機構，收容對象：養護，核定床數 49 床","07-3873677",""
"高雄市私立安心老人長期照顧中心(養護型)","1966 長照服務","高雄市三民區","私立老人福利機構，收容對象：養護，核定床數 38 床","07-2223077",""
"高雄市私立永康老人養護中心","1966 長照服務","高雄市三民區","私立老人福利機構，收容對象：養護，核定床數 40 床","07-2388603",""
"高雄市私立大昌老人長期照顧中心(養護型)","1966 長照服務","高雄市三民區","私立老人福利機構，收容對象：養護，核定床數 36 床","07-3835495",""
"高雄市私立仁祥養護之家","1966 長照服務","高雄市三民區","私立老人福利機構，收容對象：養護，核定床數 47 床","07-3973255",""
"高雄市私立信心養護中心","1966 長照服務","高雄市三民區","私立老人福利機構，收容對象：養護，核定床數 47 床","07-3137999",""
"高雄市私立立昌老人長期照顧中心(養護型)","1966 長照服務","高雄市三民區","私立老人福利機構，收容對象：養護，核定床數 31 床","07-3835495",""
"高雄市私立昭和養護之家","1966 長照服務","高雄市三民區","私立老人福利機構，收容對象：養護，核定床數 40 床","07-3222749",""
"高雄市私立善之老人長期照顧中心(養護型)","1966 長照服務","高雄市三民區","私立老人福利機構，收容對象：養護，核定床數 32 床","07-3228986",""
"高雄市私立普祐老人長期照顧中心(養護型)","1966 長照服務","高雄市三民區","私立老人福利機構，收容對象：養護，核定床數 37 床","07-3232938",""
"高雄市私立安泰老人長期照顧中心(養護型)","1966 長照服務","高雄市三民區","私立老人福利機構，收容對象：養護，核定床數 49 床","07-3907789",""
"高雄市私立安大老人長期照顧中心(養護型)","1966 長照服務","高雄市三民區","私立老人福利機構，收容對象：養護，核定床數 49 床","07-3978666",""
"高雄市私立珍心老人長期照顧中心(養護型)","1966 長照服務","高雄市三民區","私立老人福利機構，收容對象：養護，核定床數 40 床","07-3806101",""
"高雄市私立新珍心老人長期照顧中心(養護型)","1966 長照服務","高雄市三民區","私立老人福利機構，收容對象：養護，核定床數 42 床","07-3806101",""
"高雄市私立信心好老人長期照顧中心(養護型)","1966 長照服務","高雄市三民區","私立老人福利機構，收容對象：養護，核定床數 48 床","07-3137999",""
"財團法人高雄市私立濟眾老人養護中心","1966 長照服務","高雄市楠梓區","私立老人福利機構，收容對象：養護，核定床數 138 床","07-3639437",""
"高雄市私立吉仁養護中心","1966 長照服務","高雄市楠梓區","私立老人福利機構，收容對象：養護，核定床數 18 床","07-3531408",""
"高雄市私立小護士老人長期照顧中心(養護型)","1966 長照服務","高雄市楠梓區","私立老人福利機構，收容對象：養護，核定床數 20 床","07-3610037",""
"高雄市私立怡泉老人長期照顧中心（養護型）","1966 長照服務","高雄市楠梓區","私立老人福利機構，收容對象：養護，核定床數 30 床","07-3685535",""
"高雄市私立健安老人養護中心","1966 長照服務","高雄市楠梓區","私立老人福利機構，收容對象：養護，核定床數 47 床","07-3012490",""
"高雄市私立新健安老人養護中心","1966 長照服務","高雄市楠梓區","私立老人福利機構，收容對象：養護 長期照護，核定床數 47 床","07-3012490",""
"高雄市私立新禾康養護之家","1966 長照服務","高雄市楠梓區","私立老人福利機構，收容對象：養護，核定床數 31 床","07-3644351",""
"高雄市私立崇恩老人長期照顧中心（養護型）","1966 長照服務","高雄市楠梓區","私立老人福利機構，收容對象：養護，核定床數 49 床","07-3539619",""
"高雄市私立崇祐老人長期照顧中心（養護型）","1966 長照服務","高雄市楠梓區","私立老人福利機構，收容對象：養護，核定床數 34 床","07-3516260",""
"高雄市私立德民老人長期照顧中心(養護型)","1966 長照服務","高雄市楠梓區","私立老人福利機構，收容對象：養護，核定床數 47 床","07-3626281",""
"高雄市政府社會局仁愛之家","1966 長照服務","高雄市燕巢區","公立老人福利機構，收容對象：養護 安養，核定床數 424 床","07-6151439",""
"高雄市私立康欣老人長期照顧中心(養護型)","1966 長照服務","高雄市燕巢區","私立老人福利機構，收容對象：養護，核定床數 49 床","07-6141273",""
"財團法人濟興長青基金會附設高雄市私立濟興長青園老人長期照顧中心（長期照護型）","1966 長照服務","高雄市燕巢區","私立老人福利機構，收容對象：長期照護，核定床數 95 床","07-6155548",""
"高雄市私立天恩老人長期照顧中心(養護型)","1966 長照服務","高雄市仁武區","私立老人福利機構，收容對象：養護，核定床數 37 床","07-7334967",""
"高雄市私立雪美老人長期照顧中心（養護型）","1966 長照服務","高雄市仁武區","私立老人福利機構，收容對象：養護，核定床數 47 床","07-3727063",""
"高雄市私立信愛老人養護中心","1966 長照服務","高雄市仁武區","私立老人福利機構，收容對象：養護，核定床數 32 床","07-7353687",""
"高雄市明山慈安居老人養護中心","1966 長照服務","高雄市仁武區","公辦民營老人福利機構，收容對象：養護，核定床數 90 床","07-3722268",""
"高雄市私立大灣家園老人長期照顧中心(養護型)","1966 長照服務","高雄市仁武區","私立老人福利機構，收容對象：養護，核定床數 36 床","07-3746110",""
"高雄市私立鑫安大老人長期照顧中心(養護型)","1966 長照服務","高雄市仁武區","私立老人福利機構，收容對象：養護，核定床數 49 床","07-3736369",""
"高雄市私立鑫安泰老人長期照顧中心(養護型)","1966 長照服務","高雄市仁武區","私立老人福利機構，收容對象：養護，核定床數 49 床","07-3736635",""
"高雄市私立橋頭老人養護中心","1966 長照服務","高雄市橋頭區","私立老人福利機構，收容對象：養護，核定床數 30 床","07-6128510",""
"高雄市私立泰和老人養護中心","1966 長照服務","高雄市橋頭區","私立老人福利機構，收容對象：養護，核定床數 43 床","07-6111128",""
"高雄市私立橋頭社區老人養護中心","1966 長照服務","高雄市橋頭區","私立老人福利機構，收容對象：養護，核定床數 49 床","07-6111108",""
"高雄市私立萬冠老人長期照顧中心（養護型）","1966 長照服務","高雄市橋頭區","私立老人福利機構，收容對象：養護，核定床數 48 床","07-6130032",""
"高雄市私立菩心老人長期照顧中心（養護型）","1966 長照服務","高雄市大社區","私立老人福利機構，收容對象：養護，核定床數 48 床","07-3561393",""
"高雄市私立安康養護之家","1966 長照服務","高雄市左營區","私立老人福利機構，收容對象：養護，核定床數 44 床","07-3461008",""
"高雄市私立新吉祥養護之家","1966 長照服務","高雄市左營區","私立老人福利機構，收容對象：養護，核定床數 45 床","07-3422435",""
"高雄市私立新如意老人長期照顧中心(養護型)","1966 長照服務","高雄市左營區","私立老人福利機構，收容對象：養護，核定床數 38 床","07-3101731",""
"高雄市私立同心老人長期照顧中心(養護型)","1966 長照服務","高雄市左營區","私立老人福利機構，收容對象：養護，核定床數 47 床","07-3101122",""
"高雄市私立長群老人長期照顧中心(養護型)","1966 長照服務","高雄市左營區","私立老人福利機構，收容對象：養護，核定床數 28 床","07-3427181",""
"高雄市私立慈祐老人長期照顧中心(養護型)","1966 長照服務","高雄市左營區","私立老人福利機構，收容對象：養護，核定床數 37 床","07-5889035",""
"高雄市私立日光樂家老人長期照顧中心（養護型）","1966 長照服務","高雄市左營區","私立老人福利機構，收容對象：養護，核定床數 41 床","07-3482999",""
"高雄市私立偉恩老人長期照顧中心(養護型)","1966 長照服務","高雄市左營區","私立老人福利機構，收容對象：養護，核定床數 49 床","07-3508037",""
"高雄市私立福心老人長期照顧中心(養護型)","1966 長照服務","高雄市左營區","私立老人福利機構，收容對象：養護，核定床數 38 床","07-5818877",""
"高雄市私立大福心老人長期照顧中心(養護型)","1966 長照服務","高雄市左營區","私立老人福利機構，收容對象：養護，核定床數 38 床","07-5818877",""
"高雄市私立小福心老人長期照顧中心(養護型)","1966 長照服務","高雄市左營區","私立老人福利機構，收容對象：養護，核定床數 48 床","07-5818877",""
"高雄市私立冠仁老人長期照顧中心(養護型)","1966 長照服務","高雄市左營區","私立老人福利機構，收容對象：養護，核定床數 48 床","07-3411265",""
"高雄市私立睿祥老人長期照顧中心(養護型)","1966 長照服務","高雄市左營區","私立老人福利機構，收容對象：養護，核定床數 43 床","07-5880101",""
"高雄市私立日賀老人長期照顧中心(養護型)","1966 長照服務","高雄市左營區","私立老人福利機構，收容對象：養護，核定床數 40 床","07-3482999",""
"高雄市私立睿城老人長期照顧中心(養護型)","1966 長照服務","高雄市左營區","私立老人福利機構，收容對象：養護，核定床數 46 床","07-5880197",""
"高雄市私立容安老人長期照顧中心(養護型)","1966 長照服務","高雄市左營區","私立老人福利機構，收容對象：養護，核定床數 48 床","07-3501247",""
"高雄市私立文宗老人長期照顧中心（養護型）","1966 長照服務","高雄市鼓山區","私立老人福利機構，收容對象：養護，核定床數 42 床","07-5530506",""
"高雄市私立華榮養護中心","1966 長照服務","高雄市鼓山區","私立老人福利機構，收容對象：養護，核定床數 49 床","07-5535111",""
"高雄市私立欣榮總養護中心","1966 長照服務","高雄市鼓山區","私立老人福利機構，收容對象：養護，核定床數 44 床","07-5818501",""
"高雄市私立榮恩老人長期照顧中心(養護型)","1966 長照服務","高雄市鼓山區","私立老人福利機構，收容對象：養護，核定床數 31 床","07-5818501",""
"高雄市私立冠安老人養護中心","1966 長照服務","高雄市鼓山區","私立老人福利機構，收容對象：養護，核定床數 49 床","07-5523031",""
"高雄市私立孝星老人養護中心","1966 長照服務","高雄市鼓山區","私立老人福利機構，收容對象：養護，核定床數 32 床","07-5814818",""
"高雄市私立良安老人養護中心","1966 長照服務","高雄市鼓山區","私立老人福利機構，收容對象：養護，核定床數 42 床","07-5857740",""
"高雄市私立高安老人長期照顧中心(養護型)","1966 長照服務","高雄市鼓山區","私立老人福利機構，收容對象：養護，核定床數 28 床","07-5523201",""
"高雄市私立永安老人長期照顧中心(養護型)","1966 長照服務","高雄市鼓山區","私立老人福利機構，收容對象：養護，核定床數 42 床","07-5857740",""
"高雄市私立九如老人長期照顧中心（養護型）","1966 長照服務","高雄市鼓山區","私立老人福利機構，收容對象：養護，核定床數 45 床","07-5215820",""
"高雄市私立仁心老人長期照顧中心(養護型)","1966 長照服務","高雄市鼓山區","私立老人福利機構，收容對象：養護，核定床數 48 床","07-5336363",""
"高雄市私立新仁心老人長期照顧中心(養護型)","1966 長照服務","高雄市鼓山區","私立老人福利機構，收容對象：養護，核定床數 48 床","07-5336363",""
"財團法人高雄市私立永安老人養護中心","1966 長照服務","高雄市大寮區","私立老人福利機構，收容對象：養護，核定床數 45 床","07-7881876",""
"財團法人高雄市私立張簡秋風社會福利慈善事業基金會附設高雄市私立松喬老人養護中心","1966 長照服務","高雄市大寮區","私立老人福利機構，收容對象：養護，核定床數 110 床","07-7830789",""
"高雄市私立福安老人養護中心","1966 長照服務","高雄市大寮區","私立老人福利機構，收容對象：養護，核定床數 46 床","07-7816000",""
"高雄市私立慈安老人長期照顧中心（養護型）","1966 長照服務","高雄市大寮區","私立老人福利機構，收容對象：養護，核定床數 46 床","07-7818088",""
"高雄市私立真安老人長期照顧中心(養護型)","1966 長照服務","高雄市大寮區","私立老人福利機構，收容對象：養護，核定床數 48 床","07-7027779",""
"高雄市私立博仁老人長期照顧中心（長期照護型）","1966 長照服務","高雄市大寮區","私立老人福利機構，收容對象：長期照護，核定床數 49 床","07-6518879",""
"高雄市私立成大老人養護中心","1966 長照服務","高雄市鳳山區","私立老人福利機構，收容對象：養護，核定床數 34 床","07-7663348",""
"高雄市私立文清老人養護中心","1966 長照服務","高雄市鳳山區","私立老人福利機構，收容對象：養護，核定床數 30 床","07-7801658",""
"高雄市私立康齡老人養護中心","1966 長照服務","高雄市鳳山區","私立老人福利機構，收容對象：養護，核定床數 44 床","07-7025536",""
"高雄市私立信展老人養護中心","1966 長照服務","高雄市鳳山區","私立老人福利機構，收容對象：養護，核定床數 45 床","07-7482383",""
"高雄市私立安祥老人長期照顧中心(養護型)","1966 長照服務","高雄市鳳山區","私立老人福利機構，收容對象：養護，核定床數 48 床","07-7663456",""
"高雄市私立長松老人養護中心","1966 長照服務","高雄市鳳山區","私立老人福利機構，收容對象：養護，核定床數 22 床","07-7460957",""
"高雄市私立松霖老人長期照顧中心（養護型）","1966 長照服務","高雄市鳳山區","私立老人福利機構，收容對象：養護，核定床數 36 床","07-7425829",""
"高雄市私立鳳新老人養護中心","1966 長照服務","高雄市鳳山區","私立老人福利機構，收容對象：養護，核定床數 30 床","07-7663348",""
"高雄市私立真善美老人長期照顧中心（養護型）","1966 長照服務","高雄市鳳山區","私立老人福利機構，收容對象：養護，核定床數 33 床","07-7482383",""
"高雄市私立青園老人長期照顧中心（養護型）","1966 長照服務","高雄市鳳山區","私立老人福利機構，收容對象：養護，核定床數 48 床","07-7969090",""
"高雄市私立快樂家族老人長期照顧中心（養護型）","1966 長照服務","高雄市鳳山區","私立老人福利機構，收容對象：養護，核定床數 40 床","07-7475675",""
"高雄市私立宏亞老人長期照顧中心(養護型)","1966 長照服務","高雄市鳳山區","私立老人福利機構，收容對象：養護，核定床數 48 床","07-8211218",""
"高雄市私立新長松老人長期照顧中心（養護型）","1966 長照服務","高雄市鳳山區","私立老人福利機構，收容對象：養護，核定床數 38 床","07-7409781",""
"高雄市私立親育園老人養護中心","1966 長照服務","高雄市林園區","私立老人福利機構，收容對象：養護，核定床數 43 床","07-6466535",""
"高雄市私立祐德老人長期照顧中心（養護型）","1966 長照服務","高雄市林園區","私立老人福利機構，收容對象：養護，核定床數 49 床","07-6427307",""
"財團法人高雄市私立宏仁老人長期照顧中心（養護型）","1966 長照服務","高雄市鳥松區","私立老人福利機構，收容對象：養護，核定床數 60 床","07-6512656",""
"高雄市私立圓山老人養護中心","1966 長照服務","高雄市鳥松區","私立老人福利機構，收容對象：養護，核定床數 24 床","07-3709676",""
"高雄市私立慈善園老人養護中心","1966 長照服務","高雄市鳥松區","私立老人福利機構，收容對象：養護，核定床數 44 床","07-7334113",""
"高雄市私立健康老人長期照顧中心（養護型)","1966 長照服務","高雄市鳥松區","私立老人福利機構，收容對象：養護，核定床數 48 床","07-7321129",""
"高雄市私立大同老人長期照顧中心（養護型）","1966 長照服務","高雄市鳥松區","私立老人福利機構，收容對象：養護，核定床數 49 床","07-7336188",""
"高雄市私立欣緣老人長期照顧中心（養護型）","1966 長照服務","高雄市鳥松區","私立老人福利機構，收容對象：養護，核定床數 43 床","07-7313030",""
"高雄市私立千葉老人長期照顧中心(養護型)","1966 長照服務","高雄市大樹區","私立老人福利機構，收容對象：養護，核定床數 46 床","07-6565119",""
"高雄市私立新樂園老人長期照顧中心（養護型）","1966 長照服務","高雄市大樹區","私立老人福利機構，收容對象：養護，核定床數 46 床","07-6565119",""
"高雄市私立欣家老人長期照顧中心(養護型)","1966 長照服務","高雄市大樹區","私立老人福利機構，收容對象：養護，核定床數 48 床","07-6521155",""
"財團法人高雄市私立萃文書院社會福利慈善事業基金會附設萃文佛恩養護院","1966 長照服務","高雄市內門區","私立老人福利機構，收容對象：養護，核定床數 180 床","07-6672888",""
"高雄市私立博愛老人長期照顧中心（養護型）","1966 長照服務","高雄市岡山區","私立老人福利機構，收容對象：養護，核定床數 49 床","07-6251515",""
"財團法人高雄市私立淨覺社會福利基金會附設高雄市私立淨覺老人養護中心","1966 長照服務","高雄市阿蓮區","私立老人福利機構，收容對象：養護，核定床數 132 床","07-6333720",""
"高雄市私立愛欣老人養護中心","1966 長照服務","高雄市美濃區","私立老人福利機構，收容對象：養護，核定床數 34 床","07-6813958",""
"高雄市私立吉園老人養護中心","1966 長照服務","高雄市美濃區","私立老人福利機構，收容對象：養護，核定床數 47 床","07-6832379",""
"高雄市私立新效堂老人養護中心","1966 長照服務","高雄市美濃區","私立老人福利機構，收容對象：養護，核定床數 21 床","07-6850588",""
"高雄市私立惠心老人養護之家","1966 長照服務","高雄市美濃區","私立老人福利機構，收容對象：養護，核定床數 49 床","07-6850826",""
"財團法人高雄市私立愛心老人養護中心","1966 長照服務","高雄市美濃區","私立老人福利機構，收容對象：養護，核定床數 99 床","07-6813958",""
"財團法人高雄市私立日新老人長期照顧中心（養護型）","1966 長照服務","高雄市美濃區","私立老人福利機構，收容對象：養護，核定床數 83 床","07-6815800",""
"高雄市私立康乃心老人長期照顧中心(養護型)","1966 長照服務","高雄市美濃區","私立老人福利機構，收容對象：養護，核定床數 49 床","07-6822033",""
"高雄市私立怡園老人養護中心","1966 長照服務","高雄市湖內區","私立老人福利機構，收容對象：養護，核定床數 39 床","07-6935989",""
"高雄市私立湖內老人養護之家","1966 長照服務","高雄市湖內區","私立老人福利機構，收容對象：養護，核定床數 47 床","07-6990472",""
"高雄市私立慈慧老人長期照顧中心（養護型）","1966 長照服務","高雄市湖內區","私立老人福利機構，收容對象：養護，核定床數 49 床","07-6938505",""
"高雄市私立永新老人長期照顧中心(養護型)","1966 長照服務","高雄市路竹區","私立老人福利機構，收容對象：養護，核定床數 48 床","07-6961085",""
"高雄市私立快樂家園老人長期照顧中心（養護型）","1966 長照服務","高雄市路竹區","私立老人福利機構，收容對象：養護，核定床數 46 床","07-6960460",""
"財團法人高雄市私立聖和社會福利慈善事業基金會附設高雄市私立聖和老人長期照顧中心（養護型）","1966 長照服務","高雄市路竹區","私立老人福利機構，收容對象：養護，核定床數 200 床","07-6071466",""
"高雄市私立慈心老人養護中心","1966 長照服務","高雄市旗山區","私立老人福利機構，收容對象：養護，核定床數 40 床","07-6613077",""
"財團法人高雄市私立合信興老人養護中心","1966 長照服務","高雄市旗山區","私立老人福利機構，收容對象：養護，核定床數 81 床","07-6661236",""
"財團法人高雄市私立寶光建德社會福利慈善事業基金會附設高雄市私立彌勒家園老人長期照顧中心(養護型)","1966 長照服務","高雄市六龜區","私立老人福利機構，收容對象：養護，核定床數 156 床","07-6871708",""
"高雄市私立宏鑫老人長期照顧中心（養護型）","1966 長照服務","高雄市梓官區","私立老人福利機構，收容對象：養護，核定床數 49 床","07-6103630",""